time,x,y,z,yaw,x_des,y_des,z_des,yaw_des
0.30000,0.00000,-3.00000,0.06000,-0.00000,0.00000,0.00000,1.00000,0.00000,
0.34000,0.00000,-3.00000,0.06000,-0.00000,0.00000,0.00000,1.00000,0.00000,
0.37000,0.00000,-2.99997,0.06002,0.00000,0.00000,0.00000,1.00000,0.00000,
0.44000,-0.00000,-2.99978,0.06050,-0.00000,0.00000,0.00000,1.00000,0.00000,
0.47000,-0.00000,-2.99930,0.06260,-0.00005,0.00000,0.00000,1.00000,0.00000,
0.50000,-0.00000,-2.99856,0.06537,-0.00016,0.00000,0.00000,1.00000,0.00000,
0.54000,-0.00001,-2.99383,0.07578,-0.00062,0.00000,0.00000,1.00000,0.00000,
0.60000,-0.00001,-2.98984,0.08178,-0.00080,0.00000,0.00000,1.00000,0.00000,
0.64000,-0.00001,-2.98221,0.09101,-0.00094,0.00000,0.00000,1.00000,0.00000,
0.67000,-0.00002,-2.97464,0.09878,-0.00099,0.00000,0.00000,1.00000,0.00000,
0.70000,-0.00004,-2.95476,0.11633,-0.00107,0.00000,0.00000,1.00000,0.00000,
0.77000,-0.00005,-2.93819,0.12941,-0.00114,0.00000,0.00000,1.00000,0.00000,
0.80000,-0.00007,-2.92418,0.13987,-0.00120,0.00000,0.00000,1.00000,0.00000,
0.84000,-0.00010,-2.90889,0.15083,-0.00125,0.00000,0.00000,1.00000,0.00000,
0.87000,-0.00014,-2.88665,0.16621,-0.00131,0.00000,0.00000,1.00000,0.00000,
0.90000,-0.00018,-2.86864,0.17827,-0.00135,0.00000,0.00000,1.00000,0.00000,
0.94000,-0.00023,-2.84954,0.19076,-0.00138,0.00000,0.00000,1.00000,0.00000,
0.97000,-0.00031,-2.82239,0.20802,-0.00142,0.00000,0.00000,1.00000,0.00000,
1.00000,-0.00039,-2.80081,0.22136,-0.00144,0.00000,0.00000,1.00000,0.00000,
1.04000,-0.00047,-2.77819,0.23501,-0.00147,0.00000,0.00000,1.00000,0.00000,
1.07000,-0.00061,-2.74648,0.25366,-0.00149,0.00000,0.00000,1.00000,0.00000,
1.10000,-0.00076,-2.71306,0.27276,-0.00150,0.00000,0.00000,1.00000,0.00000,
1.14000,-0.00085,-2.69573,0.28246,-0.00151,0.00000,0.00000,1.00000,0.00000,
1.17000,-0.00105,-2.65989,0.30217,-0.00151,0.00000,0.00000,1.00000,0.00000,
1.20000,-0.00121,-2.63203,0.31717,-0.00151,0.00000,0.00000,1.00000,0.00000,
1.24000,-0.00139,-2.60337,0.33234,-0.00150,0.00000,0.00000,1.00000,0.00000,
1.27000,-0.00165,-2.56396,0.35280,-0.00149,0.00000,0.00000,1.00000,0.00000,
1.30000,-0.00186,-2.53356,0.36829,-0.00147,0.00000,0.00000,1.00000,0.00000,
1.34000,-0.00217,-2.49195,0.38909,-0.00145,0.00000,0.00000,1.00000,0.00000,
1.37000,-0.00242,-2.45999,0.40478,-0.00144,0.00000,0.00000,1.00000,0.00000,
1.40000,-0.00268,-2.42741,0.42051,-0.00143,0.00000,0.00000,1.00000,0.00000,
1.44000,-0.00296,-2.39425,0.43627,-0.00142,0.00000,0.00000,1.00000,0.00000,
1.47000,-0.00335,-2.34915,0.45732,-0.00142,0.00000,0.00000,1.00000,0.00000,
1.50000,-0.00365,-2.31470,0.47312,-0.00142,0.00000,0.00000,1.00000,0.00000,
1.54000,-0.00446,-2.22043,0.51515,-0.00139,0.00000,0.00000,1.00000,0.00000,
1.60000,-0.00475,-2.18423,0.53083,-0.00136,0.00000,0.00000,1.00000,0.00000,
1.64000,-0.00495,-2.15987,0.54126,-0.00133,0.00000,0.00000,1.00000,0.00000,
1.67000,-0.00542,-2.09819,0.56719,-0.00123,0.00000,0.00000,1.00000,0.00000,
1.70000,-0.00560,-2.07324,0.57749,-0.00117,0.00000,0.00000,1.00000,0.00000,
1.74000,-0.00589,-2.03556,0.59287,-0.00106,0.00000,0.00000,1.00000,0.00000,
1.77000,-0.00630,-1.98493,0.61321,-0.00091,0.00000,0.00000,1.00000,0.00000,
1.80000,-0.00666,-1.94674,0.62833,-0.00079,0.00000,0.00000,1.00000,0.00000,
1.84000,-0.00708,-1.90845,0.64333,-0.00068,0.00000,0.00000,1.00000,0.00000,
1.87000,-0.00778,-1.85738,0.66316,-0.00059,0.00000,0.00000,1.00000,0.00000,
1.90000,-0.00846,-1.81917,0.67789,-0.00055,0.00000,0.00000,1.00000,0.00000,
1.94000,-0.01073,-1.73082,0.71178,-0.00061,0.00000,0.00000,1.00000,0.00000,
2.00000,-0.01207,-1.69351,0.72611,-0.00070,0.00000,0.00000,1.00000,0.00000,
2.04000,-0.01429,-1.64449,0.74501,-0.00086,0.00000,0.00000,1.00000,0.00000,
2.07000,-0.01630,-1.60839,0.75905,-0.00096,0.00000,0.00000,1.00000,0.00000,
2.10000,-0.01862,-1.57299,0.77296,-0.00101,0.00000,0.00000,1.00000,0.00000,
2.14000,-0.02126,-1.53837,0.78674,-0.00095,0.00000,0.00000,1.00000,0.00000,
2.17000,-0.02633,-1.48272,0.80941,-0.00040,0.00000,0.00000,1.00000,0.00000,
2.20000,-0.02857,-1.46127,0.81837,0.00001,0.00000,0.00000,1.00000,0.00000,
2.24000,-0.03210,-1.43006,0.83170,0.00079,0.00000,0.00000,1.00000,0.00000,
2.27000,-0.03705,-1.39043,0.84924,0.00236,0.00000,0.00000,1.00000,0.00000,
2.30000,-0.04457,-1.33562,0.87499,0.00584,0.00000,0.00000,1.00000,0.00000,
2.37000,-0.05040,-1.29454,0.89590,0.00977,0.00000,0.00000,1.00000,0.00000,
2.40000,-0.05524,-1.25783,0.91624,0.01477,0.00000,0.00000,1.00000,0.00000,
2.47000,-0.05674,-1.24437,0.92421,0.01691,0.00000,0.00000,1.00000,0.00000,
2.50000,-0.05903,-1.21378,0.94363,0.02243,0.00000,0.00000,1.00000,0.00000,
2.54000,-0.05915,-1.19746,0.95492,0.02555,0.00000,0.00000,1.00000,0.00000,
2.57000,-0.05754,-1.17795,0.96953,0.02911,0.00000,0.00000,1.00000,0.00000,
2.60000,-0.05483,-1.16492,0.98013,0.03103,0.00000,0.00000,1.00000,0.00000,
2.64000,-0.04300,-1.13937,1.00349,0.03276,0.00000,0.00000,1.00000,0.00000,
2.70000,-0.02655,-1.12233,1.02189,0.03173,0.00000,0.00000,1.00000,0.00000,
2.77000,-0.01252,-1.11318,1.03329,0.03008,0.00000,0.00000,1.00000,0.00000,
2.80000,-0.00467,-1.10923,1.03873,0.02905,0.00000,0.00000,1.00000,0.00000,
2.84000,0.03130,-1.09733,1.05882,0.02385,0.00000,0.00000,1.00000,0.00000,
2.90000,0.04622,-1.09444,1.06571,0.02165,0.00000,0.00000,1.00000,0.00000,
2.94000,0.08257,-1.09102,1.08051,0.01662,0.00000,0.00000,1.00000,0.00000,
3.00000,0.09835,-1.09100,1.08636,0.01447,0.00000,0.00000,1.00000,0.00000,
3.04000,0.11401,-1.09186,1.09193,0.01227,0.00000,0.00000,1.00000,0.00000,
3.07000,0.13436,-1.09436,1.09891,0.00947,0.00000,0.00000,1.00000,0.00000,
3.10000,0.13932,-1.09522,1.10058,0.00882,0.00000,0.00000,1.00000,0.00000,
3.14000,0.18029,-1.10689,1.11433,0.00427,0.00000,0.00000,1.00000,0.00000,
3.20000,0.20296,-1.11784,1.12224,0.00278,0.00000,0.00000,1.00000,0.00000,
3.27000,0.21569,-1.12606,1.12699,0.00221,0.00000,0.00000,1.00000,0.00000,
3.30000,0.22396,-1.13252,1.13029,0.00190,0.00000,0.00000,1.00000,0.00000,
3.34000,0.22886,-1.13689,1.13238,0.00171,0.00000,0.00000,1.00000,0.00000,
3.37000,0.23728,-1.14562,1.13631,0.00124,0.00000,0.00000,1.00000,0.00000,
3.40000,0.24396,-1.15403,1.13991,0.00061,0.00000,0.00000,1.00000,0.00000,
3.44000,0.24669,-1.15801,1.14158,0.00023,0.00000,0.00000,1.00000,0.00000,
3.47000,0.25192,-1.16705,1.14541,-0.00081,0.00000,0.00000,1.00000,0.00000,
3.50000,0.25408,-1.17170,1.14747,-0.00144,0.00000,0.00000,1.00000,0.00000,
3.54000,0.25648,-1.17898,1.15102,-0.00262,0.00000,0.00000,1.00000,0.00000,
3.60000,0.25674,-1.18343,1.15385,-0.00364,0.00000,0.00000,1.00000,0.00000,
3.67000,0.25452,-1.18530,1.15659,-0.00484,0.00000,0.00000,1.00000,0.00000,
3.74000,0.25314,-1.18499,1.15735,-0.00519,0.00000,0.00000,1.00000,0.00000,
3.77000,0.25156,-1.18425,1.15797,-0.00545,0.00000,0.00000,1.00000,0.00000,
3.80000,0.24921,-1.18272,1.15859,-0.00566,0.00000,0.00000,1.00000,0.00000,
3.84000,0.24734,-1.18125,1.15891,-0.00574,0.00000,0.00000,1.00000,0.00000,
3.87000,0.24540,-1.17958,1.15910,-0.00576,0.00000,0.00000,1.00000,0.00000,
3.90000,0.24277,-1.17711,1.15917,-0.00575,0.00000,0.00000,1.00000,0.00000,
3.94000,0.24078,-1.17514,1.15908,-0.00571,0.00000,0.00000,1.00000,0.00000,
3.97000,0.23684,-1.17109,1.15857,-0.00559,0.00000,0.00000,1.00000,0.00000,
4.00000,0.23429,-1.16846,1.15798,-0.00548,0.00000,0.00000,1.00000,0.00000,
4.07000,0.23183,-1.16599,1.15722,-0.00535,0.00000,0.00000,1.00000,0.00000,
4.10000,0.23065,-1.16485,1.15677,-0.00528,0.00000,0.00000,1.00000,0.00000,
4.14000,0.22841,-1.16279,1.15575,-0.00513,0.00000,0.00000,1.00000,0.00000,
4.17000,0.22735,-1.16190,1.15518,-0.00505,0.00000,0.00000,1.00000,0.00000,
4.20000,0.22536,-1.16039,1.15392,-0.00488,0.00000,0.00000,1.00000,0.00000,
4.24000,0.22358,-1.15929,1.15251,-0.00471,0.00000,0.00000,1.00000,0.00000,
4.27000,0.22201,-1.15863,1.15096,-0.00453,0.00000,0.00000,1.00000,0.00000,
4.30000,0.22166,-1.15853,1.15055,-0.00449,0.00000,0.00000,1.00000,0.00000,
4.34000,0.22010,-1.15844,1.14838,-0.00429,0.00000,0.00000,1.00000,0.00000,
4.37000,0.21913,-1.15883,1.14651,-0.00413,0.00000,0.00000,1.00000,0.00000,
4.40000,0.21841,-1.15960,1.14452,-0.00398,0.00000,0.00000,1.00000,0.00000,
4.44000,0.21778,-1.16139,1.14135,-0.00376,0.00000,0.00000,1.00000,0.00000,
4.50000,0.21766,-1.16252,1.13968,-0.00366,0.00000,0.00000,1.00000,0.00000,
4.54000,0.21766,-1.16334,1.13855,-0.00359,0.00000,0.00000,1.00000,0.00000,
4.57000,0.21770,-1.16421,1.13739,-0.00353,0.00000,0.00000,1.00000,0.00000,
4.60000,0.21839,-1.16800,1.13260,-0.00326,0.00000,0.00000,1.00000,0.00000,
4.67000,0.21916,-1.17046,1.12947,-0.00309,0.00000,0.00000,1.00000,0.00000,
4.70000,0.21952,-1.17143,1.12819,-0.00302,0.00000,0.00000,1.00000,0.00000,
4.74000,0.22035,-1.17332,1.12560,-0.00288,0.00000,0.00000,1.00000,0.00000,
4.77000,0.22081,-1.17423,1.12429,-0.00281,0.00000,0.00000,1.00000,0.00000,
4.80000,0.22229,-1.17675,1.12030,-0.00260,0.00000,0.00000,1.00000,0.00000,
4.84000,0.22281,-1.17751,1.11895,-0.00252,0.00000,0.00000,1.00000,0.00000,
4.87000,0.22389,-1.17889,1.11623,-0.00238,0.00000,0.00000,1.00000,0.00000,
4.90000,0.22443,-1.17951,1.11487,-0.00231,0.00000,0.00000,1.00000,0.00000,
4.94000,0.22551,-1.18058,1.11212,-0.00216,0.00000,0.00000,1.00000,0.00000,
4.97000,0.22708,-1.18181,1.10798,-0.00195,0.00000,0.00000,1.00000,0.00000,
5.04000,0.22781,-1.18225,1.10590,-0.00185,0.00000,0.00000,1.00000,0.00000,
5.07000,0.22952,-1.18291,1.10037,-0.00160,0.00000,0.00000,1.00000,0.00000,
5.14000,0.23019,-1.18298,1.09762,-0.00149,0.00000,0.00000,1.00000,0.00000,
5.17000,0.23061,-1.18295,1.09556,-0.00141,0.00000,0.00000,1.00000,0.00000,
5.20000,0.23073,-1.18292,1.09488,-0.00139,0.00000,0.00000,1.00000,0.00000,
5.24000,0.23112,-1.18275,1.09215,-0.00129,0.00000,0.00000,1.00000,0.00000,
5.27000,0.23135,-1.18249,1.08945,-0.00120,0.00000,0.00000,1.00000,0.00000,
5.30000,0.23142,-1.18216,1.08677,-0.00111,0.00000,0.00000,1.00000,0.00000,
5.34000,0.23133,-1.18178,1.08412,-0.00103,0.00000,0.00000,1.00000,0.00000,
5.37000,0.23116,-1.18149,1.08215,-0.00098,0.00000,0.00000,1.00000,0.00000,
5.40000,0.23100,-1.18130,1.08084,-0.00094,0.00000,0.00000,1.00000,0.00000,
5.44000,0.23055,-1.18091,1.07826,-0.00087,0.00000,0.00000,1.00000,0.00000,
5.47000,0.23012,-1.18063,1.07635,-0.00082,0.00000,0.00000,1.00000,0.00000,
5.50000,0.22900,-1.18014,1.07260,-0.00072,0.00000,0.00000,1.00000,0.00000,
5.54000,0.22834,-1.17993,1.07076,-0.00067,0.00000,0.00000,1.00000,0.00000,
5.60000,0.22734,-1.17970,1.06835,-0.00060,0.00000,0.00000,1.00000,0.00000,
5.64000,0.22624,-1.17953,1.06599,-0.00054,0.00000,0.00000,1.00000,0.00000,
5.67000,0.22504,-1.17942,1.06367,-0.00049,0.00000,0.00000,1.00000,0.00000,
5.70000,0.22441,-1.17939,1.06253,-0.00046,0.00000,0.00000,1.00000,0.00000,
5.74000,0.22311,-1.17938,1.06029,-0.00041,0.00000,0.00000,1.00000,0.00000,
5.77000,0.22209,-1.17941,1.05864,-0.00037,0.00000,0.00000,1.00000,0.00000,
5.80000,0.22068,-1.17950,1.05649,-0.00032,0.00000,0.00000,1.00000,0.00000,
5.84000,0.21960,-1.17960,1.05492,-0.00029,0.00000,0.00000,1.00000,0.00000,
5.87000,0.21813,-1.17978,1.05287,-0.00024,0.00000,0.00000,1.00000,0.00000,
5.90000,0.21739,-1.17989,1.05187,-0.00022,0.00000,0.00000,1.00000,0.00000,
5.94000,0.21588,-1.18014,1.04990,-0.00019,0.00000,0.00000,1.00000,0.00000,
5.97000,0.21475,-1.18036,1.04847,-0.00016,0.00000,0.00000,1.00000,0.00000,
6.00000,0.21323,-1.18069,1.04661,-0.00013,0.00000,0.00000,1.00000,0.00000,
6.04000,0.21171,-1.18105,1.04481,-0.00010,0.00000,0.00000,1.00000,0.00000,
6.07000,0.21058,-1.18135,1.04349,-0.00008,0.00000,0.00000,1.00000,0.00000,
6.10000,0.20868,-1.18190,1.04138,-0.00004,0.00000,0.00000,1.00000,0.00000,
6.17000,0.20679,-1.18252,1.03935,-0.00002,0.00000,0.00000,1.00000,0.00000,
6.20000,0.20489,-1.18322,1.03742,0.00001,0.00000,0.00000,1.00000,0.00000,
6.27000,0.20336,-1.18383,1.03594,0.00003,0.00000,0.00000,1.00000,0.00000,
6.30000,0.20104,-1.18485,1.03384,0.00005,0.00000,0.00000,1.00000,0.00000,
6.37000,0.19909,-1.18581,1.03218,0.00007,0.00000,0.00000,1.00000,0.00000,
6.40000,0.19829,-1.18622,1.03154,0.00007,0.00000,0.00000,1.00000,0.00000,
6.44000,0.19669,-1.18709,1.03031,0.00008,0.00000,0.00000,1.00000,0.00000,
6.47000,0.19505,-1.18804,1.02913,0.00009,0.00000,0.00000,1.00000,0.00000,
6.50000,0.19423,-1.18854,1.02856,0.00010,0.00000,0.00000,1.00000,0.00000,
6.54000,0.19126,-1.19044,1.02667,0.00011,0.00000,0.00000,1.00000,0.00000,
6.57000,0.18952,-1.19163,1.02567,0.00012,0.00000,0.00000,1.00000,0.00000,
6.64000,0.18820,-1.19257,1.02495,0.00012,0.00000,0.00000,1.00000,0.00000,
6.67000,0.18640,-1.19390,1.02403,0.00013,0.00000,0.00000,1.00000,0.00000,
6.70000,0.18365,-1.19602,1.02275,0.00013,0.00000,0.00000,1.00000,0.00000,
6.74000,0.18178,-1.19752,1.02195,0.00013,0.00000,0.00000,1.00000,0.00000,
6.77000,0.18083,-1.19829,1.02157,0.00014,0.00000,0.00000,1.00000,0.00000,
6.84000,0.17892,-1.19988,1.02085,0.00014,0.00000,0.00000,1.00000,0.00000,
6.87000,0.17747,-1.20110,1.02033,0.00014,0.00000,0.00000,1.00000,0.00000,
6.90000,0.17552,-1.20278,1.01968,0.00014,0.00000,0.00000,1.00000,0.00000,
6.94000,0.17207,-1.20579,1.01866,0.00014,0.00000,0.00000,1.00000,0.00000,
7.00000,0.16907,-1.20843,1.01787,0.00014,0.00000,0.00000,1.00000,0.00000,
7.07000,0.16605,-1.21110,1.01718,0.00013,0.00000,0.00000,1.00000,0.00000,
7.14000,0.16505,-1.21200,1.01696,0.00013,0.00000,0.00000,1.00000,0.00000,
7.17000,0.16100,-1.21555,1.01620,0.00012,0.00000,0.00000,1.00000,0.00000,
7.24000,0.15947,-1.21687,1.01595,0.00012,0.00000,0.00000,1.00000,0.00000,
7.27000,0.15694,-1.21904,1.01557,0.00012,0.00000,0.00000,1.00000,0.00000,
7.30000,0.15592,-1.21990,1.01544,0.00012,0.00000,0.00000,1.00000,0.00000,
7.34000,0.15237,-1.22285,1.01502,0.00011,0.00000,0.00000,1.00000,0.00000,
7.40000,0.15035,-1.22449,1.01482,0.00010,0.00000,0.00000,1.00000,0.00000,
7.44000,0.14682,-1.22727,1.01453,0.00010,0.00000,0.00000,1.00000,0.00000,
7.50000,0.14431,-1.22919,1.01437,0.00009,0.00000,0.00000,1.00000,0.00000,
7.57000,0.14082,-1.23176,1.01420,0.00008,0.00000,0.00000,1.00000,0.00000,
7.64000,0.13884,-1.23319,1.01414,0.00008,0.00000,0.00000,1.00000,0.00000,
7.67000,0.13688,-1.23457,1.01409,0.00008,0.00000,0.00000,1.00000,0.00000,
7.70000,0.13542,-1.23559,1.01407,0.00007,0.00000,0.00000,1.00000,0.00000,
7.74000,0.13397,-1.23659,1.01405,0.00007,0.00000,0.00000,1.00000,0.00000,
7.77000,0.13253,-1.23757,1.01405,0.00007,0.00000,0.00000,1.00000,0.00000,
7.80000,0.12923,-1.23980,1.01407,0.00006,0.00000,0.00000,1.00000,0.00000,
7.84000,0.12784,-1.24072,1.01409,0.00006,0.00000,0.00000,1.00000,0.00000,
7.90000,0.12510,-1.24253,1.01415,0.00005,0.00000,0.00000,1.00000,0.00000,
7.97000,0.12288,-1.24399,1.01422,0.00005,0.00000,0.00000,1.00000,0.00000,
8.00000,0.12200,-1.24457,1.01425,0.00005,0.00000,0.00000,1.00000,0.00000,
8.04000,0.12027,-1.24570,1.01432,0.00005,0.00000,0.00000,1.00000,0.00000,
8.07000,0.11900,-1.24653,1.01438,0.00004,0.00000,0.00000,1.00000,0.00000,
8.10000,0.11611,-1.24842,1.01453,0.00004,0.00000,0.00000,1.00000,0.00000,
8.14000,0.11451,-1.24946,1.01462,0.00004,0.00000,0.00000,1.00000,0.00000,
8.20000,0.11372,-1.24998,1.01467,0.00004,0.00000,0.00000,1.00000,0.00000,
8.24000,0.11218,-1.25099,1.01477,0.00003,0.00000,0.00000,1.00000,0.00000,
8.27000,0.11105,-1.25173,1.01485,0.00003,0.00000,0.00000,1.00000,0.00000,
8.30000,0.11068,-1.25197,1.01488,0.00003,0.00000,0.00000,1.00000,0.00000,
8.34000,0.10850,-1.25340,1.01504,0.00003,0.00000,0.00000,1.00000,0.00000,
8.37000,0.10574,-1.25520,1.01526,0.00003,0.00000,0.00000,1.00000,0.00000,
8.44000,0.10540,-1.25542,1.01529,0.00003,0.00000,0.00000,1.00000,0.00000,
8.47000,0.10409,-1.25627,1.01541,0.00002,0.00000,0.00000,1.00000,0.00000,
8.50000,0.10281,-1.25710,1.01552,0.00002,0.00000,0.00000,1.00000,0.00000,
8.54000,0.10188,-1.25770,1.01560,0.00002,0.00000,0.00000,1.00000,0.00000,
8.57000,0.10067,-1.25848,1.01572,0.00002,0.00000,0.00000,1.00000,0.00000,
8.60000,0.09978,-1.25905,1.01580,0.00002,0.00000,0.00000,1.00000,0.00000,
8.64000,0.09891,-1.25960,1.01588,0.00001,0.00000,0.00000,1.00000,0.00000,
8.67000,0.09835,-1.25996,1.01593,0.00001,0.00000,0.00000,1.00000,0.00000,
8.70000,0.09724,-1.26066,1.01604,0.00001,0.00000,0.00000,1.00000,0.00000,
8.74000,0.09643,-1.26117,1.01611,0.00001,0.00000,0.00000,1.00000,0.00000,
8.77000,0.09511,-1.26199,1.01624,0.00001,0.00000,0.00000,1.00000,0.00000,
8.80000,0.09435,-1.26246,1.01631,0.00001,0.00000,0.00000,1.00000,0.00000,
8.84000,0.09361,-1.26291,1.01638,0.00001,0.00000,0.00000,1.00000,0.00000,
8.87000,0.09193,-1.26393,1.01653,0.00001,0.00000,0.00000,1.00000,0.00000,
8.94000,0.09035,-1.26487,1.01666,0.00000,0.00000,0.00000,1.00000,0.00000,
9.00000,0.08992,-1.26513,1.01669,0.00000,0.00000,0.00000,1.00000,0.00000,
9.04000,0.08928,-1.26551,1.01674,0.00000,0.00000,0.00000,1.00000,0.00000,
9.07000,0.08824,-1.26610,1.01682,0.00000,0.00000,0.00000,1.00000,0.00000,
9.10000,0.08764,-1.26645,1.01686,0.00000,0.00000,0.00000,1.00000,0.00000,
9.14000,0.08725,-1.26667,1.01688,0.00000,0.00000,0.00000,1.00000,0.00000,
9.17000,0.08649,-1.26709,1.01693,-0.00000,0.00000,0.00000,1.00000,0.00000,
9.20000,0.08575,-1.26750,1.01697,-0.00000,0.00000,0.00000,1.00000,0.00000,
9.24000,0.08452,-1.26815,1.01702,-0.00000,0.00000,0.00000,1.00000,0.00000,
9.30000,0.08418,-1.26833,1.01703,-0.00000,0.00000,0.00000,1.00000,0.00000,
9.34000,0.08353,-1.26866,1.01705,-0.00000,0.00000,0.00000,1.00000,0.00000,
9.37000,0.08290,-1.26897,1.01706,-0.00000,0.00000,0.00000,1.00000,0.00000,
9.40000,0.08244,-1.26919,1.01707,-0.00000,0.00000,0.00000,1.00000,0.00000,
9.44000,0.08214,-1.26933,1.01707,-0.00000,0.00000,0.00000,1.00000,0.00000,
9.47000,0.08156,-1.26960,1.01707,-0.00000,0.00000,0.00000,1.00000,0.00000,
9.50000,0.08115,-1.26978,1.01706,-0.00000,0.00000,0.00000,1.00000,0.00000,
9.54000,0.08087,-1.26990,1.01705,-0.00000,0.00000,0.00000,1.00000,0.00000,
9.57000,0.08009,-1.27021,1.01702,-0.00000,0.00000,0.00000,1.00000,0.00000,
9.60000,0.07972,-1.27035,1.01700,-0.00000,0.00000,0.00000,1.00000,0.00000,
9.64000,0.07948,-1.27044,1.01699,-0.00000,0.00000,0.00000,1.00000,0.00000,
9.67000,0.07890,-1.27063,1.01694,-0.00000,0.00000,0.00000,1.00000,0.00000,
9.70000,0.07834,-1.27079,1.01689,-0.00000,0.00000,0.00000,1.00000,0.00000,
9.77000,0.07782,-1.27092,1.01683,-0.00000,0.00000,0.00000,1.00000,0.00000,
9.80000,0.07762,-1.27097,1.01680,-0.00000,0.00000,0.00000,1.00000,0.00000,
9.84000,0.07687,-1.27109,1.01667,-0.00000,0.00000,0.00000,1.00000,0.00000,
9.90000,0.07643,-1.27113,1.01658,-0.00000,0.00000,0.00000,1.00000,0.00000,
9.97000,0.07603,-1.27114,1.01648,-0.00000,0.00000,0.00000,1.00000,0.00000,
10.00000,0.07587,-1.27114,1.01644,-0.00000,0.00000,0.00000,1.00000,0.00000,
10.04000,0.07557,-1.27112,1.01635,-0.00000,0.00000,0.00000,1.00000,0.00000,
10.07000,0.07509,-1.27105,1.01619,-0.00001,0.00000,-0.00000,1.00000,0.00000,
10.14000,0.07496,-1.27102,1.01614,-0.00001,0.00000,-0.00000,1.00000,0.00000,
10.17000,0.07465,-1.27093,1.01601,-0.00001,0.00000,-0.00001,1.00000,0.00000,
10.20000,0.07453,-1.27089,1.01595,-0.00001,0.00000,-0.00003,1.00000,0.00000,
10.24000,0.07436,-1.27082,1.01587,-0.00001,0.00000,-0.00006,1.00000,0.00000,
10.27000,0.07410,-1.27069,1.01573,-0.00001,0.00000,-0.00009,1.00000,0.00000,
10.30000,0.07386,-1.27054,1.01558,-0.00001,0.00000,-0.00016,1.00000,0.00000,
10.37000,0.07352,-1.27028,1.01534,-0.00001,0.00000,-0.00031,1.00000,0.00000,
10.44000,0.07341,-1.27019,1.01524,-0.00001,0.00000,-0.00058,1.00000,0.00000,
10.47000,0.07330,-1.27009,1.01514,-0.00001,0.00000,-0.00073,1.00000,0.00000,
10.50000,0.07317,-1.26998,1.01501,-0.00001,0.00000,-0.00097,1.00000,0.00000,
10.54000,0.07310,-1.26992,1.01494,-0.00001,0.00000,-0.00118,1.00000,0.00000,
10.57000,0.07288,-1.26977,1.01467,-0.00002,0.00000,-0.00142,1.00000,0.00000,
10.64000,0.07279,-1.26973,1.01453,-0.00002,0.00000,-0.00209,1.00000,0.00000,
10.67000,0.07274,-1.26973,1.01446,-0.00002,0.00000,-0.00244,1.00000,0.00000,
10.70000,0.07266,-1.26975,1.01432,-0.00002,0.00000,-0.00295,1.00000,0.00000,
10.74000,0.07257,-1.26983,1.01414,-0.00002,0.00000,-0.00338,1.00000,0.00000,
10.80000,0.07245,-1.27011,1.01384,-0.00003,0.00000,-0.00454,1.00000,0.00000,
10.84000,0.07241,-1.27033,1.01369,-0.00003,0.00000,-0.00572,1.00000,0.00000,
10.87000,0.07239,-1.27046,1.01362,-0.00003,0.00000,-0.00661,1.00000,0.00000,
10.94000,0.07233,-1.27105,1.01335,-0.00003,0.00001,-0.00733,1.00000,0.00000,
11.00000,0.07231,-1.27147,1.01320,-0.00003,0.00001,-0.00922,1.00000,0.00000,
11.04000,0.07229,-1.27184,1.01309,-0.00003,0.00001,-0.01011,1.00000,0.00000,
11.07000,0.07228,-1.27239,1.01293,-0.00004,0.00001,-0.01106,1.00000,0.00000,
11.10000,0.07228,-1.27270,1.01285,-0.00004,0.00002,-0.01242,1.00000,0.00000,
11.14000,0.07228,-1.27338,1.01270,-0.00004,0.00002,-0.01350,1.00000,0.00000,
11.17000,0.07228,-1.27414,1.01254,-0.00004,0.00002,-0.01465,1.00000,0.00000,
11.20000,0.07230,-1.27545,1.01231,-0.00004,0.00003,-0.01627,1.00000,0.00000,
11.27000,0.07232,-1.27645,1.01215,-0.00004,0.00004,-0.01892,1.00000,0.00000,
11.30000,0.07234,-1.27725,1.01204,-0.00005,0.00004,-0.02083,1.00000,0.00000,
11.34000,0.07235,-1.27782,1.01196,-0.00005,0.00005,-0.02235,1.00000,0.00000,
11.37000,0.07239,-1.27936,1.01177,-0.00005,0.00006,-0.02393,1.00000,0.00000,
11.40000,0.07241,-1.28001,1.01169,-0.00005,0.00007,-0.02615,1.00000,0.00000,
11.44000,0.07250,-1.28293,1.01138,-0.00006,0.00008,-0.02791,1.00000,0.00000,
11.50000,0.07253,-1.28414,1.01127,-0.00006,0.00010,-0.03229,1.00000,0.00000,
11.54000,0.07259,-1.28586,1.01111,-0.00006,0.00012,-0.03430,1.00000,0.00000,
11.57000,0.07268,-1.28868,1.01088,-0.00006,0.00013,-0.03638,1.00000,0.00000,
11.60000,0.07271,-1.28969,1.01081,-0.00006,0.00017,-0.04157,1.00000,0.00000,
11.67000,0.07280,-1.29234,1.01062,-0.00007,0.00019,-0.04393,1.00000,0.00000,
11.70000,0.07285,-1.29403,1.01050,-0.00007,0.00022,-0.04721,1.00000,0.00000,
11.74000,0.07291,-1.29580,1.01039,-0.00007,0.00025,-0.04977,1.00000,0.00000,
11.77000,0.07306,-1.30022,1.01013,-0.00007,0.00027,-0.05242,1.00000,0.00000,
11.84000,0.07310,-1.30157,1.01006,-0.00008,0.00035,-0.05894,1.00000,0.00000,
11.87000,0.07319,-1.30437,1.00991,-0.00008,0.00038,-0.06190,1.00000,0.00000,
11.90000,0.07334,-1.30885,1.00969,-0.00008,0.00044,-0.06598,1.00000,0.00000,
11.97000,0.07342,-1.31121,1.00957,-0.00008,0.00052,-0.07242,1.00000,0.00000,
12.00000,0.07355,-1.31534,1.00939,-0.00009,0.00059,-0.07692,1.00000,0.00000,
12.04000,0.07361,-1.31706,1.00932,-0.00009,0.00065,-0.08042,1.00000,0.00000,
12.07000,0.07385,-1.32431,1.00903,-0.00009,0.00071,-0.08402,1.00000,0.00000,
12.14000,0.07395,-1.32720,1.00892,-0.00010,0.00086,-0.09281,1.00000,0.00000,
12.17000,0.07408,-1.33120,1.00878,-0.00010,0.00094,-0.09675,1.00000,0.00000,
12.20000,0.07419,-1.33431,1.00867,-0.00010,0.00104,-0.10217,1.00000,0.00000,
12.24000,0.07430,-1.33752,1.00857,-0.00011,0.00113,-0.10636,1.00000,0.00000,
12.27000,0.07441,-1.34082,1.00846,-0.00011,0.00122,-0.11066,1.00000,0.00000,
12.30000,0.07453,-1.34421,1.00835,-0.00011,0.00136,-0.11656,1.00000,0.00000,
12.34000,0.07469,-1.34889,1.00821,-0.00011,0.00147,-0.12111,1.00000,0.00000,
12.37000,0.07486,-1.35374,1.00807,-0.00012,0.00158,-0.12577,1.00000,0.00000,
12.40000,0.07499,-1.35749,1.00796,-0.00012,0.00175,-0.13217,1.00000,0.00000,
12.44000,0.07513,-1.36134,1.00786,-0.00012,0.00188,-0.13710,1.00000,0.00000,
12.47000,0.07528,-1.36528,1.00775,-0.00012,0.00202,-0.14215,1.00000,0.00000,
12.50000,0.07548,-1.37071,1.00761,-0.00013,0.00222,-0.14905,1.00000,0.00000,
12.54000,0.07559,-1.37349,1.00754,-0.00013,0.00238,-0.15437,1.00000,0.00000,
12.57000,0.07586,-1.38065,1.00737,-0.00013,0.00255,-0.15981,1.00000,0.00000,
12.60000,0.07622,-1.38964,1.00716,-0.00013,0.00280,-0.16725,1.00000,0.00000,
12.67000,0.07647,-1.39589,1.00702,-0.00014,0.00320,-0.17880,1.00000,0.00000,
12.70000,0.07667,-1.40071,1.00692,-0.00014,0.00349,-0.18678,1.00000,0.00000,
12.74000,0.07688,-1.40565,1.00681,-0.00014,0.00372,-0.19291,1.00000,0.00000,
12.77000,0.07717,-1.41242,1.00667,-0.00014,0.00397,-0.19916,1.00000,0.00000,
12.80000,0.07740,-1.41763,1.00657,-0.00015,0.00432,-0.20770,1.00000,0.00000,
12.84000,0.07789,-1.42841,1.00636,-0.00015,0.00459,-0.21425,1.00000,0.00000,
12.90000,0.07841,-1.43965,1.00615,-0.00016,0.00529,-0.23003,1.00000,0.00000,
12.97000,0.07889,-1.44937,1.00597,-0.00016,0.00596,-0.24412,1.00000,0.00000,
13.00000,0.07929,-1.45739,1.00582,-0.00016,0.00645,-0.25381,1.00000,0.00000,
13.07000,0.07971,-1.46562,1.00568,-0.00017,0.00723,-0.26879,1.00000,0.00000,
13.10000,0.08028,-1.47621,1.00549,-0.00017,0.00779,-0.27907,1.00000,0.00000,
13.14000,0.08064,-1.48273,1.00538,-0.00017,0.00824,-0.28695,1.00000,0.00000,
13.17000,0.08114,-1.49162,1.00523,-0.00017,0.00871,-0.29496,1.00000,0.00000,
13.20000,0.08195,-1.50538,1.00501,-0.00017,0.00936,-0.30585,1.00000,0.00000,
13.27000,0.08252,-1.51484,1.00485,-0.00017,0.01042,-0.32265,1.00000,0.00000,
13.30000,0.08297,-1.52208,1.00474,-0.00016,0.01118,-0.33416,1.00000,0.00000,
13.34000,0.08313,-1.52452,1.00470,-0.00016,0.01178,-0.34296,1.00000,0.00000,
13.37000,0.08444,-1.54459,1.00438,-0.00016,0.01240,-0.35190,1.00000,0.00000,
13.44000,0.08514,-1.55497,1.00422,-0.00016,0.01396,-0.37331,1.00000,0.00000,
13.47000,0.08589,-1.56558,1.00406,-0.00015,0.01467,-0.38273,1.00000,0.00000,
13.50000,0.08647,-1.57370,1.00394,-0.00015,0.01567,-0.39551,1.00000,0.00000,
13.54000,0.08708,-1.58194,1.00382,-0.00015,0.01645,-0.40526,1.00000,0.00000,
13.57000,0.08858,-1.60171,1.00353,-0.00014,0.01727,-0.41517,1.00000,0.00000,
13.64000,0.08950,-1.61333,1.00336,-0.00014,0.01930,-0.43884,1.00000,0.00000,
13.67000,0.09021,-1.62220,1.00323,-0.00013,0.02022,-0.44923,1.00000,0.00000,
13.70000,0.09199,-1.64342,1.00293,-0.00013,0.02151,-0.46332,1.00000,0.00000,
13.77000,0.09279,-1.65274,1.00280,-0.00012,0.02357,-0.48496,1.00000,0.00000,
13.80000,0.09362,-1.66218,1.00267,-0.00012,0.02503,-0.49971,1.00000,0.00000,
13.84000,0.09476,-1.67496,1.00249,-0.00012,0.02618,-0.51095,1.00000,0.00000,
13.87000,0.09535,-1.68144,1.00240,-0.00012,0.02736,-0.52235,1.00000,0.00000,
13.90000,0.09657,-1.69456,1.00223,-0.00012,0.02900,-0.53778,1.00000,0.00000,
13.94000,0.09880,-1.71804,1.00192,-0.00010,0.03029,-0.54953,1.00000,0.00000,
14.00000,0.10015,-1.73176,1.00175,-0.00009,0.03347,-0.57754,1.00000,0.00000,
14.04000,0.10084,-1.73870,1.00167,-0.00008,0.03491,-0.58980,1.00000,0.00000,
14.07000,0.10302,-1.75989,1.00141,-0.00006,0.03640,-0.60222,1.00000,0.00000,
14.14000,0.10456,-1.77433,1.00124,-0.00005,0.04008,-0.63179,1.00000,0.00000,
14.17000,0.10618,-1.78902,1.00107,-0.00004,0.04174,-0.64472,1.00000,0.00000,
14.20000,0.10745,-1.80020,1.00094,-0.00004,0.04405,-0.66221,1.00000,0.00000,
14.24000,0.10876,-1.81154,1.00082,-0.00003,0.04584,-0.67551,1.00000,0.00000,
14.27000,0.11012,-1.82303,1.00069,-0.00003,0.04769,-0.68896,1.00000,0.00000,
14.30000,0.11153,-1.83468,1.00056,-0.00002,0.05026,-0.70714,1.00000,0.00000,
14.34000,0.11350,-1.85045,1.00040,-0.00002,0.05225,-0.72096,1.00000,0.00000,
14.37000,0.11504,-1.86248,1.00027,-0.00002,0.05431,-0.73494,1.00000,0.00000,
14.40000,0.11717,-1.87876,1.00010,-0.00002,0.05715,-0.75382,1.00000,0.00000,
14.44000,0.11884,-1.89116,0.99996,-0.00001,0.05936,-0.76816,1.00000,0.00000,
14.47000,0.12056,-1.90373,0.99983,-0.00001,0.06164,-0.78267,1.00000,0.00000,
14.50000,0.12295,-1.92074,0.99964,-0.00001,0.06478,-0.80225,1.00000,0.00000,
14.54000,0.12671,-1.94681,0.99934,-0.00000,0.06722,-0.81712,1.00000,0.00000,
14.57000,0.12868,-1.96008,0.99919,0.00000,0.07320,-0.85243,1.00000,0.00000,
14.64000,0.13071,-1.97351,0.99904,0.00001,0.07589,-0.86783,1.00000,0.00000,
14.67000,0.13422,-1.99625,0.99878,0.00003,0.07866,-0.88338,1.00000,0.00000,
14.70000,0.13568,-2.00547,0.99867,0.00003,0.08247,-0.90437,1.00000,0.00000,
14.74000,0.13868,-2.02411,0.99846,0.00005,0.08542,-0.92029,1.00000,0.00000,
14.77000,0.14262,-2.04782,0.99818,0.00007,0.08846,-0.93638,1.00000,0.00000,
14.80000,0.14425,-2.05743,0.99807,0.00007,0.09265,-0.95806,1.00000,0.00000,
14.84000,0.14591,-2.06711,0.99795,0.00008,0.09589,-0.97451,1.00000,0.00000,
14.87000,0.15022,-2.09164,0.99766,0.00008,0.09922,-0.99112,1.00000,0.00000,
14.90000,0.15291,-2.10656,0.99749,0.00008,0.10380,-1.01351,1.00000,0.00000,
14.94000,0.15474,-2.11660,0.99737,0.00008,0.10734,-1.03049,1.00000,0.00000,
14.97000,0.15945,-2.14196,0.99708,0.00009,0.11098,-1.04762,1.00000,0.00000,
15.00000,0.16140,-2.15221,0.99696,0.00009,0.11599,-1.07070,1.00000,0.00000,
15.04000,0.16538,-2.17289,0.99672,0.00011,0.11985,-1.08820,1.00000,0.00000,
15.07000,0.17268,-2.20967,0.99630,0.00014,0.12382,-1.10585,1.00000,0.00000,
15.14000,0.17595,-2.22566,0.99612,0.00016,0.13349,-1.14764,1.00000,0.00000,
15.17000,0.17930,-2.24180,0.99594,0.00017,0.13781,-1.16581,1.00000,0.00000,
15.20000,0.18869,-2.28554,0.99545,0.00021,0.14374,-1.19028,1.00000,0.00000,
15.27000,0.19238,-2.30222,0.99527,0.00022,0.15301,-1.22749,1.00000,0.00000,
15.30000,0.19489,-2.31343,0.99514,0.00023,0.15945,-1.25264,1.00000,0.00000,
15.34000,0.20004,-2.33603,0.99490,0.00025,0.16442,-1.27168,1.00000,0.00000,
15.37000,0.20949,-2.37621,0.99446,0.00029,0.16951,-1.29086,1.00000,0.00000,
15.44000,0.21805,-2.41127,0.99408,0.00032,0.18186,-1.33622,1.00000,0.00000,
15.50000,0.22400,-2.43498,0.99383,0.00034,0.19490,-1.38239,1.00000,0.00000,
15.54000,0.22859,-2.45293,0.99364,0.00034,0.20071,-1.40243,1.00000,0.00000,
15.57000,0.23977,-2.49543,0.99320,0.00036,0.20665,-1.42261,1.00000,0.00000,
15.64000,0.25160,-2.53877,0.99274,0.00038,0.22105,-1.47027,1.00000,0.00000,
15.70000,0.25510,-2.55130,0.99260,0.00039,0.23623,-1.51870,1.00000,0.00000,
15.74000,0.26967,-2.60204,0.99205,0.00042,0.24297,-1.53970,1.00000,0.00000,
15.80000,0.28121,-2.64076,0.99163,0.00045,0.25929,-1.58924,1.00000,0.00000,
15.84000,0.28920,-2.66686,0.99134,0.00047,0.27394,-1.63230,1.00000,0.00000,
15.90000,0.29536,-2.68659,0.99113,0.00049,0.28406,-1.66131,1.00000,0.00000,
15.94000,0.30380,-2.71310,0.99084,0.00050,0.29184,-1.68322,1.00000,0.00000,
15.97000,0.30811,-2.72644,0.99070,0.00051,0.29978,-1.70527,1.00000,0.00000,
16.00000,0.32373,-2.77350,0.99019,0.00053,0.31063,-1.73487,1.00000,0.00000,
16.07000,0.33302,-2.80065,0.98990,0.00054,0.32746,-1.77971,1.00000,0.00000,
16.10000,0.33776,-2.81428,0.98976,0.00054,0.33907,-1.80989,1.00000,0.00000,
16.14000,0.35739,-2.86915,0.98920,0.00057,0.34798,-1.83267,1.00000,0.00000,
16.20000,0.37280,-2.91071,0.98880,0.00062,0.36946,-1.88630,1.00000,0.00000,
16.27000,0.38343,-2.93864,0.98855,0.00066,0.38868,-1.93279,1.00000,0.00000,
16.30000,0.38885,-2.95269,0.98843,0.00068,0.40190,-1.96405,1.00000,0.00000,
16.34000,0.39993,-2.98095,0.98819,0.00071,0.41204,-1.98763,1.00000,0.00000,
16.37000,0.41134,-3.00945,0.98795,0.00073,0.42238,-2.01132,1.00000,0.00000,
16.40000,0.42010,-3.03098,0.98777,0.00075,0.43647,-2.04308,1.00000,0.00000,
16.44000,0.42605,-3.04541,0.98765,0.00076,0.44727,-2.06703,1.00000,0.00000,
16.47000,0.44128,-3.08173,0.98733,0.00078,0.45827,-2.09109,1.00000,0.00000,
16.50000,0.45067,-3.10368,0.98713,0.00079,0.47325,-2.12333,1.00000,0.00000,
16.54000,0.47332,-3.15534,0.98666,0.00083,0.48473,-2.14764,1.00000,0.00000,
16.60000,0.47998,-3.17021,0.98652,0.00084,0.51233,-2.20473,1.00000,0.00000,
16.64000,0.50752,-3.23015,0.98596,0.00090,0.52452,-2.22936,1.00000,0.00000,
16.67000,0.51106,-3.23770,0.98589,0.00090,0.55380,-2.28720,1.00000,0.00000,
16.74000,0.52912,-3.27560,0.98553,0.00092,0.56671,-2.31214,1.00000,0.00000,
16.77000,0.54776,-3.31377,0.98517,0.00094,0.57986,-2.33716,1.00000,0.00000,
16.84000,0.56307,-3.34448,0.98489,0.00096,0.61141,-2.39588,1.00000,0.00000,
16.87000,0.57875,-3.37532,0.98460,0.00099,0.62531,-2.42118,1.00000,0.00000,
16.90000,0.59075,-3.39855,0.98439,0.00101,0.64422,-2.45503,1.00000,0.00000,
16.94000,0.60297,-3.42187,0.98418,0.00103,0.65867,-2.48050,1.00000,0.00000,
16.97000,0.61959,-3.45310,0.98390,0.00105,0.67337,-2.50605,1.00000,0.00000,
17.00000,0.63232,-3.47663,0.98369,0.00107,0.69334,-2.54021,1.00000,0.00000,
17.04000,0.64963,-3.50817,0.98341,0.00108,0.70860,-2.56591,1.00000,0.00000,
17.07000,0.66288,-3.53193,0.98320,0.00109,0.72411,-2.59167,1.00000,0.00000,
17.10000,0.68090,-3.56374,0.98291,0.00111,0.74518,-2.62612,1.00000,0.00000,
17.14000,0.71342,-3.61975,0.98239,0.00116,0.76127,-2.65201,1.00000,0.00000,
17.20000,0.72776,-3.64387,0.98216,0.00119,0.79981,-2.71264,1.00000,0.00000,
17.24000,0.73746,-3.66000,0.98201,0.00120,0.81676,-2.73870,1.00000,0.00000,
17.27000,0.76217,-3.70043,0.98162,0.00122,0.83397,-2.76481,1.00000,0.00000,
17.30000,0.76720,-3.70854,0.98154,0.00122,0.85732,-2.79968,1.00000,0.00000,
17.34000,0.79274,-3.74917,0.98114,0.00124,0.87514,-2.82587,1.00000,0.00000,
17.37000,0.82963,-3.80625,0.98059,0.00127,0.89323,-2.85210,1.00000,0.00000,
17.40000,0.84041,-3.82259,0.98042,0.00129,0.93650,-2.91341,1.00000,0.00000,
17.47000,0.86782,-3.86349,0.98002,0.00132,0.95549,-2.93972,1.00000,0.00000,
17.50000,0.88459,-3.88806,0.97978,0.00134,0.98125,-2.97484,1.00000,0.00000,
17.54000,0.90161,-3.91263,0.97954,0.00136,1.00089,-3.00119,1.00000,0.00000,
17.57000,0.92468,-3.94541,0.97922,0.00139,1.02082,-3.02756,1.00000,0.00000,
17.60000,0.93638,-3.96180,0.97907,0.00140,1.04782,-3.06272,1.00000,0.00000,
17.64000,0.96012,-3.99458,0.97876,0.00143,1.06840,-3.08910,1.00000,0.00000,
17.67000,0.97823,-4.01917,0.97853,0.00145,1.08927,-3.11547,1.00000,0.00000,
17.70000,0.99045,-4.03556,0.97838,0.00146,1.11754,-3.15064,1.00000,0.00000,
17.74000,1.04049,-4.10111,0.97779,0.00152,1.13908,-3.17700,1.00000,0.00000,
17.80000,1.05330,-4.11749,0.97765,0.00153,1.19048,-3.23845,1.00000,0.00000,
17.84000,1.07928,-4.15027,0.97735,0.00156,1.21300,-3.26476,1.00000,0.00000,
17.87000,1.10574,-4.18306,0.97706,0.00159,1.23582,-3.29104,1.00000,0.00000,
17.90000,1.13269,-4.21588,0.97677,0.00162,1.26670,-3.32603,1.00000,0.00000,
17.94000,1.15323,-4.24052,0.97656,0.00164,1.29021,-3.35223,1.00000,0.00000,
17.97000,1.18105,-4.27340,0.97626,0.00166,1.31402,-3.37840,1.00000,0.00000,
18.00000,1.22373,-4.32274,0.97581,0.00167,1.34625,-3.41322,1.00000,0.00000,
18.07000,1.25282,-4.35562,0.97551,0.00168,1.39559,-3.46529,1.00000,0.00000,
18.10000,1.26755,-4.37204,0.97535,0.00168,1.42917,-3.49988,1.00000,0.00000,
18.14000,1.29741,-4.40483,0.97503,0.00169,1.45472,-3.52576,1.00000,0.00000,
18.17000,1.32013,-4.42938,0.97479,0.00169,1.48057,-3.55156,1.00000,0.00000,
18.20000,1.34314,-4.45387,0.97454,0.00170,1.51552,-3.58586,1.00000,0.00000,
18.24000,1.37427,-4.48645,0.97421,0.00171,1.54210,-3.61150,1.00000,0.00000,
18.27000,1.42998,-4.54324,0.97362,0.00172,1.56899,-3.63705,1.00000,0.00000,
18.34000,1.44619,-4.55940,0.97346,0.00173,1.63295,-3.69635,1.00000,0.00000,
18.37000,1.48729,-4.59970,0.97304,0.00173,1.66089,-3.72160,1.00000,0.00000,
18.40000,1.51234,-4.62379,0.97279,0.00174,1.69863,-3.75512,1.00000,0.00000,
18.44000,1.53770,-4.64780,0.97254,0.00174,1.72730,-3.78014,1.00000,0.00000,
18.47000,1.56335,-4.67174,0.97229,0.00174,1.75629,-3.80504,1.00000,0.00000,
18.50000,1.59802,-4.70353,0.97195,0.00174,1.79544,-3.83807,1.00000,0.00000,
18.54000,1.62437,-4.72726,0.97171,0.00174,1.82518,-3.86270,1.00000,0.00000,
18.57000,1.68698,-4.78225,0.97115,0.00174,1.85523,-3.88721,1.00000,0.00000,
18.64000,1.70516,-4.79786,0.97100,0.00174,1.92659,-3.94387,1.00000,0.00000,
18.67000,1.75117,-4.83667,0.97062,0.00175,1.95770,-3.96793,1.00000,0.00000,
18.70000,1.77917,-4.85981,0.97040,0.00175,1.99969,-3.99977,1.00000,0.00000,
18.74000,1.80745,-4.88284,0.97019,0.00175,2.03155,-4.02347,1.00000,0.00000,
18.77000,1.83602,-4.90576,0.96998,0.00175,2.06373,-4.04701,1.00000,0.00000,
18.80000,1.87458,-4.93614,0.96971,0.00175,2.10714,-4.07815,1.00000,0.00000,
18.84000,1.90383,-4.95880,0.96951,0.00175,2.14006,-4.10131,1.00000,0.00000,
18.87000,1.92350,-4.97384,0.96938,0.00174,2.17331,-4.12429,1.00000,0.00000,
18.90000,1.96323,-5.00377,0.96912,0.00174,2.21813,-4.15466,1.00000,0.00000,
18.94000,2.00347,-5.03346,0.96887,0.00175,2.25212,-4.17722,1.00000,0.00000,
18.97000,2.04423,-5.06292,0.96862,0.00175,2.28642,-4.19958,1.00000,0.00000,
19.00000,2.07512,-5.08485,0.96844,0.00176,2.33266,-4.22910,1.00000,0.00000,
19.04000,2.14828,-5.13541,0.96801,0.00176,2.36770,-4.25100,1.00000,0.00000,
19.10000,2.16946,-5.14970,0.96788,0.00176,2.45070,-4.30128,1.00000,0.00000,
19.14000,2.21218,-5.17804,0.96764,0.00175,2.48679,-4.32247,1.00000,0.00000,
19.17000,2.25538,-5.20607,0.96741,0.00174,2.52320,-4.34344,1.00000,0.00000,
19.20000,2.28810,-5.22687,0.96723,0.00173,2.57222,-4.37103,1.00000,0.00000,
19.24000,2.31007,-5.24063,0.96712,0.00172,2.60935,-4.39145,1.00000,0.00000,
19.27000,2.36552,-5.27463,0.96684,0.00170,2.64679,-4.41162,1.00000,0.00000,
19.30000,2.43306,-5.31466,0.96653,0.00168,2.69719,-4.43814,1.00000,0.00000,
19.37000,2.46724,-5.33433,0.96639,0.00167,2.77380,-4.47706,1.00000,0.00000,
19.40000,2.51324,-5.36022,0.96620,0.00165,2.82555,-4.50242,1.00000,0.00000,
19.44000,2.54808,-5.37938,0.96607,0.00163,2.86472,-4.52113,1.00000,0.00000,
19.47000,2.58320,-5.39831,0.96595,0.00161,2.90418,-4.53955,1.00000,0.00000,
19.50000,2.60678,-5.41082,0.96587,0.00159,2.95726,-4.56368,1.00000,0.00000,
19.54000,2.66632,-5.44165,0.96567,0.00156,2.99741,-4.58145,1.00000,0.00000,
19.57000,2.70245,-5.45985,0.96555,0.00155,3.03786,-4.59891,1.00000,0.00000,
19.60000,2.75109,-5.48377,0.96538,0.00154,3.09224,-4.62173,1.00000,0.00000,
19.64000,2.82503,-5.51888,0.96514,0.00152,3.13335,-4.63849,1.00000,0.00000,
19.70000,2.87496,-5.54175,0.96497,0.00150,3.23040,-4.67638,1.00000,0.00000,
19.74000,2.90012,-5.55302,0.96488,0.00149,3.27247,-4.69208,1.00000,0.00000,
19.77000,2.95079,-5.57520,0.96470,0.00146,3.31480,-4.70745,1.00000,0.00000,
19.80000,3.00196,-5.59689,0.96451,0.00143,3.37168,-4.72743,1.00000,0.00000,
19.84000,3.02773,-5.60755,0.96441,0.00141,3.41465,-4.74201,1.00000,0.00000,
19.87000,3.09269,-5.63366,0.96417,0.00136,3.45790,-4.75625,1.00000,0.00000,
19.90000,3.13205,-5.64894,0.96402,0.00133,3.51596,-4.77469,1.00000,0.00000,
19.94000,3.17168,-5.66394,0.96387,0.00130,3.55982,-4.78810,1.00000,0.00000,
19.97000,3.22497,-5.68347,0.96366,0.00128,3.60393,-4.80114,1.00000,0.00000,
20.00000,3.25180,-5.69303,0.96356,0.00128,3.66314,-4.81797,1.00000,0.00000,
20.04000,3.29227,-5.70712,0.96340,0.00129,3.70785,-4.83015,1.00000,0.00000,
20.07000,3.36028,-5.72987,0.96314,0.00133,3.75279,-4.84195,1.00000,0.00000,
20.10000,3.38766,-5.73872,0.96303,0.00135,3.81310,-4.85709,1.00000,0.00000,
20.14000,3.44272,-5.75594,0.96282,0.00137,3.85861,-4.86798,1.00000,0.00000,
20.17000,3.49813,-5.77253,0.96261,0.00137,3.90436,-4.87848,1.00000,0.00000,
20.20000,3.52597,-5.78058,0.96251,0.00136,3.96571,-4.89186,1.00000,0.00000,
20.24000,3.58189,-5.79620,0.96231,0.00131,4.01199,-4.90141,1.00000,0.00000,
20.27000,3.63815,-5.81116,0.96214,0.00124,4.05849,-4.91056,1.00000,0.00000,
20.30000,3.66642,-5.81840,0.96207,0.00121,4.12083,-4.92210,1.00000,0.00000,
20.34000,3.72323,-5.83237,0.96194,0.00115,4.16783,-4.93026,1.00000,0.00000,
20.37000,3.78041,-5.84568,0.96183,0.00108,4.21504,-4.93800,1.00000,0.00000,
20.40000,3.82356,-5.85522,0.96177,0.00106,4.27830,-4.94764,1.00000,0.00000,
20.44000,3.86694,-5.86437,0.96170,0.00105,4.32598,-4.95436,1.00000,0.00000,
20.47000,3.92512,-5.87597,0.96163,0.00107,4.37385,-4.96064,1.00000,0.00000,
20.50000,3.95435,-5.88151,0.96159,0.00108,4.43797,-4.96831,1.00000,0.00000,
20.54000,4.01308,-5.89205,0.96150,0.00113,4.48628,-4.97354,1.00000,0.00000,
20.57000,4.07216,-5.90188,0.96142,0.00118,4.53476,-4.97831,1.00000,0.00000,
20.60000,4.11668,-5.90878,0.96135,0.00120,4.59966,-4.98395,1.00000,0.00000,
20.64000,4.14645,-5.91316,0.96130,0.00120,4.64854,-4.98763,1.00000,0.00000,
20.67000,4.20620,-5.92136,0.96121,0.00116,4.69757,-4.99085,1.00000,0.00000,
20.70000,4.31148,-5.93397,0.96107,0.00108,4.76320,-4.99439,1.00000,0.00000,
20.77000,4.37206,-5.94016,0.96099,0.00102,4.86212,-4.99810,1.00000,0.00000,
20.80000,4.40246,-5.94297,0.96096,0.00101,4.92838,-4.99949,1.00000,0.00000,
20.84000,4.44821,-5.94685,0.96091,0.00100,4.97822,-4.99995,1.00000,0.00000,
20.87000,4.52484,-5.95237,0.96083,0.00105,5.02819,-4.99992,1.00000,0.00000,
20.90000,4.55560,-5.95424,0.96080,0.00107,5.09500,-4.99910,1.00000,0.00000,
20.94000,4.67927,-5.95986,0.96067,0.00109,5.14524,-4.99789,1.00000,0.00000,
21.00000,4.75701,-5.96179,0.96059,0.00106,5.26286,-4.99309,1.00000,0.00000,
21.07000,4.81942,-5.96244,0.96053,0.00104,5.36407,-4.98673,1.00000,0.00000,
21.10000,4.88203,-5.96227,0.96048,0.00104,5.43173,-4.98133,1.00000,0.00000,
21.14000,4.92910,-5.96161,0.96045,0.00108,5.48255,-4.97666,1.00000,0.00000,
21.17000,4.97626,-5.96048,0.96042,0.00111,5.53344,-4.97146,1.00000,0.00000,
21.20000,5.03926,-5.95824,0.96039,0.00112,5.60138,-4.96370,1.00000,0.00000,
21.24000,5.13399,-5.95327,0.96035,0.00109,5.65239,-4.95726,1.00000,0.00000,
21.27000,5.19729,-5.94888,0.96032,0.00105,5.77157,-4.94011,1.00000,0.00000,
21.34000,5.24483,-5.94503,0.96031,0.00104,5.82270,-4.93185,1.00000,0.00000,
21.37000,5.35599,-5.93413,0.96028,0.00109,5.87385,-4.92305,1.00000,0.00000,
21.44000,5.40370,-5.92865,0.96028,0.00113,5.99323,-4.90036,1.00000,0.00000,
21.47000,5.48328,-5.91844,0.96027,0.00118,6.04439,-4.88971,1.00000,0.00000,
21.54000,5.56290,-5.90690,0.96027,0.00123,6.16373,-4.86269,1.00000,0.00000,
21.57000,5.62660,-5.89669,0.96027,0.00128,6.21483,-4.85017,1.00000,0.00000,
21.60000,5.72209,-5.87978,0.96030,0.00135,6.28291,-4.83261,1.00000,0.00000,
21.67000,5.81744,-5.86090,0.96036,0.00147,6.38489,-4.80438,1.00000,0.00000,
21.74000,5.88088,-5.84723,0.96042,0.00154,6.50356,-4.76858,1.00000,0.00000,
21.77000,5.92837,-5.83639,0.96048,0.00156,6.55430,-4.75228,1.00000,0.00000,
21.80000,5.99157,-5.82117,0.96058,0.00154,6.62182,-4.72966,1.00000,0.00000,
21.84000,6.03887,-5.80918,0.96066,0.00151,6.67235,-4.71203,1.00000,0.00000,
21.87000,6.08608,-5.79667,0.96077,0.00149,6.72278,-4.69383,1.00000,0.00000,
21.90000,6.18025,-5.77014,0.96102,0.00146,6.78985,-4.66866,1.00000,0.00000,
21.94000,6.24283,-5.75132,0.96121,0.00141,6.89006,-4.62900,1.00000,0.00000,
21.97000,6.30526,-5.73156,0.96141,0.00135,6.95657,-4.60128,1.00000,0.00000,
22.04000,6.35199,-5.71613,0.96157,0.00130,7.00629,-4.57983,1.00000,0.00000,
22.07000,6.41416,-5.69472,0.96178,0.00126,7.05585,-4.55779,1.00000,0.00000,
22.10000,6.44520,-5.68366,0.96188,0.00124,7.12169,-4.52752,1.00000,0.00000,
22.14000,6.49168,-5.66662,0.96203,0.00124,7.17087,-4.50415,1.00000,0.00000,
22.17000,6.61521,-5.61856,0.96238,0.00131,7.21987,-4.48020,1.00000,0.00000,
22.24000,6.64598,-5.60596,0.96246,0.00134,7.33347,-4.42210,1.00000,0.00000,
22.27000,6.76858,-5.55325,0.96275,0.00142,7.38182,-4.39624,1.00000,0.00000,
22.34000,6.79910,-5.53949,0.96282,0.00143,7.49380,-4.33370,1.00000,0.00000,
22.37000,6.92056,-5.48218,0.96307,0.00141,7.54141,-4.30595,1.00000,0.00000,
22.40000,6.96586,-5.45971,0.96315,0.00139,7.65156,-4.23901,1.00000,0.00000,
22.47000,7.02603,-5.42892,0.96325,0.00139,7.69835,-4.20938,1.00000,0.00000,
22.50000,7.07099,-5.40520,0.96331,0.00142,7.76032,-4.16901,1.00000,0.00000,
22.54000,7.11580,-5.38093,0.96337,0.00149,7.80648,-4.13808,1.00000,0.00000,
22.57000,7.21971,-5.32224,0.96345,0.00176,7.85235,-4.10659,1.00000,0.00000,
22.64000,7.24921,-5.30495,0.96346,0.00186,7.95824,-4.03098,1.00000,0.00000,
22.67000,7.30793,-5.26968,0.96348,0.00202,8.00311,-3.99766,1.00000,0.00000,
22.70000,7.36623,-5.23352,0.96349,0.00216,8.06245,-3.95239,1.00000,0.00000,
22.74000,7.39522,-5.21511,0.96348,0.00222,8.10657,-3.91781,1.00000,0.00000,
22.77000,7.45284,-5.17761,0.96348,0.00235,8.15036,-3.88268,1.00000,0.00000,
22.80000,7.50997,-5.13923,0.96348,0.00249,8.20821,-3.83502,1.00000,0.00000,
22.84000,7.55248,-5.10987,0.96349,0.00261,8.25118,-3.79866,1.00000,0.00000,
22.87000,7.59468,-5.08002,0.96350,0.00273,8.29379,-3.76177,1.00000,0.00000,
22.90000,7.62263,-5.05985,0.96351,0.00280,8.35004,-3.71177,1.00000,0.00000,
22.94000,7.70558,-4.99804,0.96357,0.00300,8.39178,-3.67366,1.00000,0.00000,
22.97000,7.73292,-4.97700,0.96360,0.00306,8.43314,-3.63504,1.00000,0.00000,
23.00000,7.78711,-4.93428,0.96367,0.00314,8.48767,-3.58276,1.00000,0.00000,
23.04000,7.82731,-4.90166,0.96374,0.00316,8.52810,-3.54295,1.00000,0.00000,
23.07000,7.88034,-4.85740,0.96386,0.00320,8.56812,-3.50265,1.00000,0.00000,
23.10000,7.90660,-4.83494,0.96393,0.00321,8.62082,-3.44814,1.00000,0.00000,
23.14000,7.95861,-4.78938,0.96410,0.00324,8.65986,-3.40668,1.00000,0.00000,
23.17000,8.03538,-4.71947,0.96438,0.00333,8.69845,-3.36474,1.00000,0.00000,
23.24000,8.07319,-4.68385,0.96454,0.00336,8.78678,-3.26501,1.00000,0.00000,
23.27000,8.13535,-4.62350,0.96482,0.00342,8.82388,-3.22148,1.00000,0.00000,
23.30000,8.20851,-4.54954,0.96519,0.00350,8.87262,-3.16272,1.00000,0.00000,
23.37000,8.24450,-4.51194,0.96539,0.00353,8.94415,-3.07306,1.00000,0.00000,
23.40000,8.32692,-4.42256,0.96588,0.00357,8.99075,-3.01229,1.00000,0.00000,
23.47000,8.40718,-4.33092,0.96639,0.00366,9.05900,-2.91968,1.00000,0.00000,
23.54000,8.48525,-4.23707,0.96691,0.00382,9.13604,-2.80948,1.00000,0.00000,
23.60000,8.51803,-4.19620,0.96714,0.00390,9.21023,-2.69702,1.00000,0.00000,
23.64000,8.53964,-4.16875,0.96729,0.00396,9.24114,-2.64816,1.00000,0.00000,
23.67000,8.60334,-4.08539,0.96774,0.00412,9.27150,-2.59890,1.00000,0.00000,
23.70000,8.62419,-4.05728,0.96789,0.00417,9.31112,-2.53263,1.00000,0.00000,
23.74000,8.64483,-4.02901,0.96805,0.00422,9.34019,-2.48249,1.00000,0.00000,
23.77000,8.69556,-3.95761,0.96844,0.00437,9.36870,-2.43197,1.00000,0.00000,
23.80000,8.72538,-3.91428,0.96868,0.00447,9.40582,-2.36406,1.00000,0.00000,
23.84000,8.74499,-3.88519,0.96884,0.00453,9.43299,-2.31270,1.00000,0.00000,
23.87000,8.78358,-3.82658,0.96917,0.00465,9.45958,-2.26101,1.00000,0.00000,
23.90000,8.81195,-3.78223,0.96941,0.00472,9.49412,-2.19155,1.00000,0.00000,
23.94000,8.83982,-3.73756,0.96966,0.00478,9.51933,-2.13907,1.00000,0.00000,
23.97000,8.89403,-3.64729,0.97015,0.00491,9.54395,-2.08628,1.00000,0.00000,
24.00000,8.91164,-3.61691,0.97032,0.00495,9.57583,-2.01539,1.00000,0.00000,
24.04000,8.97145,-3.50949,0.97092,0.00512,9.59903,-1.96187,1.00000,0.00000,
24.10000,8.99619,-3.46291,0.97119,0.00520,9.65077,-1.83584,1.00000,0.00000,
24.14000,9.02039,-3.41603,0.97146,0.00527,9.67191,-1.78136,1.00000,0.00000,
24.17000,9.04404,-3.36886,0.97173,0.00533,9.69242,-1.72661,1.00000,0.00000,
24.20000,9.06713,-3.32142,0.97200,0.00537,9.71878,-1.65320,1.00000,0.00000,
24.24000,9.08966,-3.27373,0.97226,0.00539,9.73781,-1.59785,1.00000,0.00000,
24.27000,9.12597,-3.19373,0.97271,0.00541,9.75620,-1.54225,1.00000,0.00000,
24.30000,9.14006,-3.16156,0.97289,0.00542,9.77971,-1.46776,1.00000,0.00000,
24.34000,9.16750,-3.09693,0.97326,0.00545,9.79659,-1.41163,1.00000,0.00000,
24.37000,9.21312,-2.98286,0.97395,0.00550,9.81282,-1.35528,1.00000,0.00000,
24.44000,9.23174,-2.93358,0.97426,0.00553,9.84812,-1.22301,1.00000,0.00000,
24.47000,9.24979,-2.88406,0.97457,0.00555,9.86214,-1.16601,1.00000,0.00000,
24.50000,9.26728,-2.83431,0.97489,0.00557,9.87981,-1.08972,1.00000,0.00000,
24.54000,9.28972,-2.76762,0.97531,0.00559,9.89227,-1.03231,1.00000,0.00000,
24.57000,9.32660,-2.65002,0.97602,0.00565,9.90407,-0.97474,1.00000,0.00000,
24.64000,9.34629,-2.58235,0.97640,0.00569,9.92896,-0.83984,1.00000,0.00000,
24.67000,9.36040,-2.53139,0.97668,0.00573,9.93850,-0.78180,1.00000,0.00000,
24.70000,9.36950,-2.49731,0.97687,0.00575,9.95016,-0.70424,1.00000,0.00000,
24.74000,9.38265,-2.44605,0.97715,0.00579,9.95810,-0.64593,1.00000,0.00000,
24.77000,9.40330,-2.36024,0.97759,0.00585,9.96536,-0.58753,1.00000,0.00000,
24.80000,9.41491,-2.30855,0.97786,0.00588,9.97397,-0.50952,1.00000,0.00000,
24.84000,9.42594,-2.25674,0.97812,0.00591,9.97963,-0.45092,1.00000,0.00000,
24.87000,9.43971,-2.18747,0.97846,0.00595,9.98459,-0.39225,1.00000,0.00000,
24.90000,9.44620,-2.15276,0.97863,0.00597,9.99014,-0.31393,1.00000,0.00000,
24.94000,9.45837,-2.08319,0.97897,0.00600,9.99349,-0.25513,1.00000,0.00000,
24.97000,9.46945,-2.01344,0.97932,0.00601,9.99615,-0.19629,1.00000,0.00000,
25.00000,9.48402,-1.90856,0.97984,0.00602,9.99861,-0.11780,1.00000,0.00000,
25.07000,9.49037,-1.85605,0.98010,0.00601,10.00000,0.00000,1.00000,0.00000,
25.10000,9.50278,-1.73349,0.98073,0.00598,9.99938,0.07854,1.00000,0.00000,
25.17000,9.50834,-1.66348,0.98110,0.00597,9.99615,0.19629,1.00000,0.00000,
25.20000,9.51459,-1.55851,0.98170,0.00594,9.99245,0.27473,1.00000,0.00000,
25.27000,9.51677,-1.50604,0.98202,0.00592,9.98459,0.39225,1.00000,0.00000,
25.30000,9.51869,-1.43609,0.98247,0.00589,9.97782,0.47046,1.00000,0.00000,
25.34000,9.51922,-1.40112,0.98271,0.00587,9.97193,0.52904,1.00000,0.00000,
25.37000,9.51950,-1.34866,0.98308,0.00584,9.96536,0.58753,1.00000,0.00000,
25.40000,9.51856,-1.26122,0.98371,0.00577,9.95553,0.66538,1.00000,0.00000,
25.44000,9.51656,-1.19125,0.98421,0.00572,9.94736,0.72365,1.00000,0.00000,
25.47000,9.51252,-1.10380,0.98481,0.00565,9.93850,0.78180,1.00000,0.00000,
25.54000,9.50807,-1.03386,0.98528,0.00558,9.91519,0.91702,1.00000,0.00000,
25.57000,9.50404,-0.98143,0.98562,0.00553,9.90407,0.97474,1.00000,0.00000,
25.60000,9.49775,-0.91159,0.98607,0.00546,9.88819,1.05146,1.00000,0.00000,
25.64000,9.49235,-0.85929,0.98640,0.00542,9.87550,1.10882,1.00000,0.00000,
25.67000,9.48207,-0.77228,0.98692,0.00536,9.86214,1.16601,1.00000,0.00000,
25.74000,9.47016,-0.68550,0.98744,0.00530,9.82839,1.29873,1.00000,0.00000,
25.77000,9.45946,-0.61624,0.98785,0.00523,9.81282,1.35528,1.00000,0.00000,
25.80000,9.45372,-0.58168,0.98805,0.00520,9.79104,1.43037,1.00000,0.00000,
25.84000,9.44146,-0.51270,0.98846,0.00514,9.77394,1.48642,1.00000,0.00000,
25.87000,9.42816,-0.44395,0.98886,0.00508,9.75620,1.54225,1.00000,0.00000,
25.90000,9.41750,-0.39254,0.98915,0.00504,9.73154,1.61633,1.00000,0.00000,
25.94000,9.40625,-0.34128,0.98943,0.00499,9.71230,1.67160,1.00000,0.00000,
25.97000,9.39034,-0.27319,0.98980,0.00493,9.69242,1.72661,1.00000,0.00000,
26.00000,9.36901,-0.18853,0.99025,0.00485,9.66493,1.79955,1.00000,0.00000,
26.07000,9.35081,-0.12120,0.99060,0.00480,9.62162,1.90805,1.00000,0.00000,
26.10000,9.33161,-0.05423,0.99095,0.00474,9.59136,1.97974,1.00000,0.00000,
26.14000,9.31656,-0.00426,0.99121,0.00469,9.56796,2.03316,1.00000,0.00000,
26.17000,9.29564,0.06203,0.99157,0.00464,9.54395,2.08628,1.00000,0.00000,
26.20000,9.27374,0.12794,0.99193,0.00458,9.51099,2.15660,1.00000,0.00000,
26.24000,9.26812,0.14436,0.99202,0.00457,9.48558,2.20897,1.00000,0.00000,
26.27000,9.24500,0.20980,0.99240,0.00451,9.45958,2.26101,1.00000,0.00000,
26.30000,9.22091,0.27487,0.99278,0.00444,9.42400,2.32986,1.00000,0.00000,
26.34000,9.20222,0.32343,0.99307,0.00439,9.39663,2.38109,1.00000,0.00000,
26.37000,9.17649,0.38780,0.99344,0.00433,9.36870,2.43197,1.00000,0.00000,
26.40000,9.15661,0.43579,0.99372,0.00428,9.33056,2.49924,1.00000,0.00000,
26.44000,9.13623,0.48350,0.99400,0.00423,9.30131,2.54926,1.00000,0.00000,
26.47000,9.10831,0.54666,0.99436,0.00416,9.27150,2.59890,1.00000,0.00000,
26.50000,9.08681,0.59369,0.99464,0.00411,9.23090,2.66449,1.00000,0.00000,
26.54000,9.07221,0.62488,0.99483,0.00407,9.19981,2.71322,1.00000,0.00000,
26.57000,9.03476,0.70227,0.99531,0.00398,9.16819,2.76155,1.00000,0.00000,
26.60000,9.01163,0.74831,0.99560,0.00393,9.12521,2.82536,1.00000,0.00000,
26.64000,8.99594,0.77884,0.99580,0.00389,9.09236,2.87273,1.00000,0.00000,
26.67000,8.95574,0.85458,0.99630,0.00381,9.05900,2.91968,1.00000,0.00000,
26.70000,8.93096,0.89962,0.99659,0.00376,9.01372,2.98161,1.00000,0.00000,
26.74000,8.90567,0.94435,0.99688,0.00371,8.97918,3.02756,1.00000,0.00000,
26.77000,8.87120,1.00351,0.99727,0.00365,8.94415,3.07306,1.00000,0.00000,
26.80000,8.84478,1.04750,0.99756,0.00360,8.89668,3.13303,1.00000,0.00000,
26.84000,8.81787,1.09116,0.99784,0.00355,8.86052,3.17749,1.00000,0.00000,
26.87000,8.76261,1.17748,0.99838,0.00345,8.82388,3.22148,1.00000,0.00000,
26.94000,8.73428,1.22012,0.99863,0.00341,8.73661,3.32231,1.00000,0.00000,
26.97000,8.68606,1.29038,0.99904,0.00335,8.69845,3.36474,1.00000,0.00000,
27.00000,8.63663,1.35957,0.99943,0.00330,8.64689,3.42055,1.00000,0.00000,
27.07000,8.58605,1.42764,0.99983,0.00324,8.56812,3.50265,1.00000,0.00000,
27.10000,8.55516,1.46793,1.00007,0.00318,8.51467,3.55628,1.00000,0.00000,
27.14000,8.48156,1.56037,1.00065,0.00304,8.47410,3.59591,1.00000,0.00000,
27.20000,8.42766,1.62507,1.00110,0.00294,8.37791,3.68642,1.00000,0.00000,
27.27000,8.37266,1.68867,1.00157,0.00285,8.29379,3.76177,1.00000,0.00000,
27.30000,8.33914,1.72630,1.00185,0.00280,8.23690,3.81084,1.00000,0.00000,
27.34000,8.31659,1.75115,1.00204,0.00277,8.19380,3.84703,1.00000,0.00000,
27.37000,8.25946,1.81249,1.00250,0.00269,8.15036,3.88268,1.00000,0.00000,
27.40000,8.22470,1.84874,1.00278,0.00266,8.09190,3.92939,1.00000,0.00000,
27.44000,8.18959,1.88455,1.00305,0.00263,8.04767,3.96380,1.00000,0.00000,
27.47000,8.14225,1.93162,1.00340,0.00260,8.00311,3.99766,1.00000,0.00000,
27.50000,8.11836,1.95486,1.00357,0.00259,7.94321,4.04197,1.00000,0.00000,
27.54000,8.07017,2.00074,1.00392,0.00256,7.89793,4.07455,1.00000,0.00000,
27.57000,8.03368,2.03462,1.00418,0.00254,7.85235,4.10659,1.00000,0.00000,
27.60000,7.93499,2.12273,1.00490,0.00241,7.79112,4.14845,1.00000,0.00000,
27.67000,7.91001,2.14423,1.00509,0.00236,7.69835,4.20938,1.00000,0.00000,
27.70000,7.85969,2.18662,1.00550,0.00228,7.63591,4.24876,1.00000,0.00000,
27.74000,7.82163,2.21787,1.00581,0.00220,7.58878,4.27764,1.00000,0.00000,
27.77000,7.78330,2.24865,1.00615,0.00213,7.54141,4.30595,1.00000,0.00000,
27.80000,7.74467,2.27898,1.00649,0.00207,7.47787,4.34283,1.00000,0.00000,
27.84000,7.64028,2.35767,1.00742,0.00198,7.42996,4.36982,1.00000,0.00000,
27.90000,7.60063,2.38636,1.00777,0.00197,7.31730,4.43059,1.00000,0.00000,
27.94000,7.56073,2.41460,1.00812,0.00196,7.26868,4.45568,1.00000,0.00000,
27.97000,7.50715,2.45156,1.00858,0.00196,7.21987,4.48020,1.00000,0.00000,
28.00000,7.42603,2.50549,1.00924,0.00197,7.15449,4.51200,1.00000,0.00000,
28.04000,7.38516,2.53179,1.00956,0.00197,7.05585,4.55779,1.00000,0.00000,
28.07000,7.33039,2.56615,1.00998,0.00197,6.98973,4.58704,1.00000,0.00000,
28.14000,7.24768,2.61616,1.01061,0.00193,6.93997,4.60831,1.00000,0.00000,
28.20000,7.19220,2.64846,1.01103,0.00188,6.82331,4.65570,1.00000,0.00000,
28.24000,7.15041,2.67214,1.01134,0.00183,6.77310,4.67505,1.00000,0.00000,
28.27000,7.10848,2.69534,1.01165,0.00177,6.72278,4.69383,1.00000,0.00000,
28.30000,7.05234,2.72553,1.01208,0.00168,6.65552,4.71797,1.00000,0.00000,
28.34000,7.01006,2.74761,1.01240,0.00162,6.60495,4.73541,1.00000,0.00000,
28.37000,6.95345,2.77630,1.01283,0.00156,6.55430,4.75228,1.00000,0.00000,
28.40000,6.91081,2.79725,1.01316,0.00153,6.48663,4.77388,1.00000,0.00000,
28.44000,6.82509,2.83771,1.01380,0.00150,6.43579,4.78942,1.00000,0.00000,
28.50000,6.76765,2.86360,1.01422,0.00150,6.31693,4.82345,1.00000,0.00000,
28.54000,6.73885,2.87621,1.01443,0.00150,6.26590,4.83710,1.00000,0.00000,
28.57000,6.68111,2.90077,1.01484,0.00149,6.21483,4.85017,1.00000,0.00000,
28.60000,6.62320,2.92444,1.01523,0.00147,6.14669,4.86674,1.00000,0.00000,
28.64000,6.59418,2.93595,1.01543,0.00145,6.09555,4.87850,1.00000,0.00000,
28.67000,6.52147,2.96376,1.01591,0.00137,6.04439,4.88971,1.00000,0.00000,
28.70000,6.43389,2.99534,1.01648,0.00126,5.97617,4.90378,1.00000,0.00000,
28.77000,6.38996,3.01040,1.01676,0.00123,5.87385,4.92305,1.00000,0.00000,
28.80000,6.33127,3.02974,1.01714,0.00120,5.80565,4.93467,1.00000,0.00000,
28.84000,6.28715,3.04369,1.01741,0.00122,5.75453,4.94274,1.00000,0.00000,
28.87000,6.18395,3.07442,1.01803,0.00130,5.70344,4.95027,1.00000,0.00000,
28.94000,6.15443,3.08273,1.01820,0.00132,5.58438,4.96573,1.00000,0.00000,
28.97000,6.08057,3.10260,1.01861,0.00137,5.53344,4.97146,1.00000,0.00000,
29.00000,6.05101,3.11018,1.01877,0.00138,5.46560,4.97827,1.00000,0.00000,
29.04000,5.99191,3.12474,1.01909,0.00140,5.41480,4.98276,1.00000,0.00000,
29.07000,5.93282,3.13850,1.01941,0.00138,5.36407,4.98673,1.00000,0.00000,
29.10000,5.88852,3.14831,1.01966,0.00134,5.29656,4.99120,1.00000,0.00000,
29.14000,5.84423,3.15768,1.01991,0.00130,5.24602,4.99394,1.00000,0.00000,
29.17000,5.75565,3.17515,1.02042,0.00123,5.19558,4.99617,1.00000,0.00000,
29.20000,5.72612,3.18060,1.02060,0.00122,5.07828,4.99939,1.00000,0.00000,
29.24000,5.63753,3.19584,1.02111,0.00121,5.02819,4.99992,1.00000,0.00000,
29.30000,5.59324,3.20284,1.02137,0.00121,4.96159,4.99985,1.00000,0.00000,
29.34000,5.50470,3.21557,1.02186,0.00114,4.91179,4.99922,1.00000,0.00000,
29.37000,5.44570,3.22311,1.02218,0.00108,4.79611,4.99584,1.00000,0.00000,
29.44000,5.35718,3.23301,1.02263,0.00105,4.74677,4.99358,1.00000,0.00000,
29.47000,5.31292,3.23732,1.02284,0.00108,4.63223,4.98646,1.00000,0.00000,
29.54000,5.25392,3.24244,1.02310,0.00117,4.58341,4.98261,1.00000,0.00000,
29.57000,5.20969,3.24579,1.02329,0.00127,4.53476,4.97831,1.00000,0.00000,
29.60000,5.15079,3.24963,1.02351,0.00140,4.47015,4.97185,1.00000,0.00000,
29.64000,5.04805,3.25463,1.02386,0.00160,4.42191,4.96647,1.00000,0.00000,
29.70000,5.00421,3.25609,1.02399,0.00164,4.31007,4.95217,1.00000,0.00000,
29.74000,4.96048,3.25715,1.02413,0.00168,4.26245,4.94530,1.00000,0.00000,
29.77000,4.87344,3.25802,1.02441,0.00174,4.21504,4.93800,1.00000,0.00000,
29.84000,4.81574,3.25768,1.02460,0.00178,4.10521,4.91928,1.00000,0.00000,
29.87000,4.75832,3.25661,1.02480,0.00182,4.05849,4.91056,1.00000,0.00000,
29.90000,4.72971,3.25580,1.02491,0.00183,3.99654,4.89827,1.00000,0.00000,
29.94000,4.67271,3.25366,1.02514,0.00184,3.95034,4.88858,1.00000,0.00000,
29.97000,4.63016,3.25160,1.02532,0.00184,3.90436,4.87848,1.00000,0.00000,
30.00000,4.60188,3.25002,1.02544,0.00184,3.84342,4.86439,1.00000,0.00000,
30.04000,4.50347,3.24315,1.02590,0.00177,3.79799,4.85337,1.00000,0.00000,
30.07000,4.43369,3.23702,1.02625,0.00168,3.69292,4.82613,1.00000,0.00000,
30.14000,4.40588,3.23428,1.02640,0.00165,3.64830,4.81382,1.00000,0.00000,
30.17000,4.33663,3.22672,1.02676,0.00156,3.60393,4.80114,1.00000,0.00000,
30.20000,4.29524,3.22171,1.02698,0.00155,3.54517,4.78367,1.00000,0.00000,
30.24000,4.25396,3.21635,1.02720,0.00155,3.50140,4.77014,1.00000,0.00000,
30.27000,4.21281,3.21066,1.02741,0.00157,3.45790,4.75625,1.00000,0.00000,
30.30000,4.17177,3.20464,1.02762,0.00160,3.40030,4.73719,1.00000,0.00000,
30.34000,4.11725,3.19611,1.02788,0.00165,3.35742,4.72249,1.00000,0.00000,
30.37000,4.02246,3.17986,1.02831,0.00170,3.31480,4.70745,1.00000,0.00000,
30.44000,3.99554,3.17491,1.02842,0.00169,3.21645,4.67107,1.00000,0.00000,
30.47000,3.94190,3.16459,1.02865,0.00168,3.17476,4.65494,1.00000,0.00000,
30.50000,3.88856,3.15370,1.02887,0.00167,3.11962,4.63294,1.00000,0.00000,
30.54000,3.84874,3.14515,1.02902,0.00167,3.07859,4.61608,1.00000,0.00000,
30.57000,3.79591,3.13323,1.02922,0.00166,3.03786,4.59891,1.00000,0.00000,
30.60000,3.76961,3.12704,1.02931,0.00166,2.98400,4.57556,1.00000,0.00000,
30.64000,3.67816,3.10422,1.02962,0.00170,2.94394,4.55770,1.00000,0.00000,
30.70000,3.62634,3.09037,1.02977,0.00176,2.85163,4.51492,1.00000,0.00000,
30.74000,3.60056,3.08323,1.02984,0.00179,2.81257,4.49612,1.00000,0.00000,
30.77000,3.51104,3.05716,1.03006,0.00189,2.77380,4.47706,1.00000,0.00000,
30.80000,3.46042,3.04155,1.03018,0.00190,2.68454,4.43155,1.00000,0.00000,
30.87000,3.41020,3.02544,1.03029,0.00189,2.64679,4.41162,1.00000,0.00000,
30.90000,3.38524,3.01720,1.03035,0.00187,2.59694,4.38467,1.00000,0.00000,
30.94000,3.33562,3.00037,1.03046,0.00183,2.55991,4.36417,1.00000,0.00000,
30.97000,3.28638,2.98305,1.03058,0.00181,2.52320,4.34344,1.00000,0.00000,
31.00000,3.21322,2.95617,1.03076,0.00185,2.47472,4.31544,1.00000,0.00000,
31.04000,3.17697,2.94232,1.03085,0.00189,2.40306,4.27269,1.00000,0.00000,
31.07000,3.12901,2.92345,1.03097,0.00195,2.35598,4.24372,1.00000,0.00000,
31.10000,3.10519,2.91384,1.03102,0.00198,2.32105,4.22175,1.00000,0.00000,
31.17000,3.05789,2.89430,1.03113,0.00202,2.28642,4.19958,1.00000,0.00000,
31.20000,3.02272,2.87937,1.03121,0.00202,2.24075,4.16972,1.00000,0.00000,
31.24000,2.97622,2.85912,1.03132,0.00200,2.20687,4.14710,1.00000,0.00000,
31.27000,2.93018,2.83850,1.03144,0.00195,2.17331,4.12429,1.00000,0.00000,
31.30000,2.89593,2.82280,1.03153,0.00190,2.12905,4.09361,1.00000,0.00000,
31.34000,2.86190,2.80689,1.03163,0.00186,2.09623,4.07040,1.00000,0.00000,
31.37000,2.81688,2.78537,1.03177,0.00181,2.06373,4.04701,1.00000,0.00000,
31.40000,2.79450,2.77448,1.03184,0.00179,2.02089,4.01559,1.00000,0.00000,
31.44000,2.75002,2.75241,1.03199,0.00178,1.98914,3.99183,1.00000,0.00000,
31.47000,2.71690,2.73562,1.03209,0.00179,1.95770,3.96793,1.00000,0.00000,
31.50000,2.66215,2.70721,1.03226,0.00181,1.91629,3.93583,1.00000,0.00000,
31.54000,2.65128,2.70147,1.03229,0.00182,1.88560,3.91159,1.00000,0.00000,
31.57000,2.60801,2.67832,1.03240,0.00183,1.85523,3.88721,1.00000,0.00000,
31.60000,2.56515,2.65488,1.03251,0.00183,1.81523,3.85451,1.00000,0.00000,
31.64000,2.53328,2.63712,1.03259,0.00183,1.78560,3.82984,1.00000,0.00000,
31.67000,2.51216,2.62519,1.03263,0.00182,1.75629,3.80504,1.00000,0.00000,
31.70000,2.45980,2.59508,1.03275,0.00181,1.71771,3.77181,1.00000,0.00000,
31.74000,2.42871,2.57681,1.03281,0.00180,1.68914,3.74676,1.00000,0.00000,
31.77000,2.40811,2.56454,1.03285,0.00179,1.66089,3.72160,1.00000,0.00000,
31.80000,2.35708,2.53356,1.03296,0.00176,1.62371,3.68791,1.00000,0.00000,
31.84000,2.28673,2.48946,1.03312,0.00173,1.59619,3.66252,1.00000,0.00000,
31.90000,2.26686,2.47671,1.03317,0.00172,1.53320,3.60296,1.00000,0.00000,
31.94000,2.24710,2.46389,1.03321,0.00171,1.50673,3.57730,1.00000,0.00000,
31.97000,2.18844,2.42502,1.03335,0.00170,1.48057,3.55156,1.00000,0.00000,
32.00000,2.16909,2.41193,1.03339,0.00171,1.44617,3.51714,1.00000,0.00000,
32.04000,2.09278,2.35898,1.03355,0.00172,1.42073,3.49125,1.00000,0.00000,
32.10000,2.06462,2.33888,1.03360,0.00172,1.36256,3.43060,1.00000,0.00000,
32.14000,2.03670,2.31867,1.03364,0.00171,1.33814,3.40452,1.00000,0.00000,
32.17000,1.99987,2.29154,1.03371,0.00171,1.31402,3.37840,1.00000,0.00000,
32.20000,1.97253,2.27106,1.03375,0.00172,1.28234,3.34350,1.00000,0.00000,
32.24000,1.94545,2.25049,1.03380,0.00172,1.25893,3.31729,1.00000,0.00000,
32.27000,1.90973,2.22291,1.03386,0.00173,1.23582,3.29104,1.00000,0.00000,
32.30000,1.89204,2.20907,1.03389,0.00173,1.20546,3.25599,1.00000,0.00000,
32.34000,1.85701,2.18130,1.03395,0.00172,1.18304,3.22968,1.00000,0.00000,
32.37000,1.82245,2.15342,1.03400,0.00171,1.16091,3.20335,1.00000,0.00000,
32.40000,1.80534,2.13944,1.03402,0.00169,1.13187,3.16821,1.00000,0.00000,
32.44000,1.77146,2.11141,1.03408,0.00167,1.11042,3.14185,1.00000,0.00000,
32.47000,1.73804,2.08329,1.03413,0.00164,1.08927,3.11547,1.00000,0.00000,
32.50000,1.72149,2.06918,1.03416,0.00162,1.06151,3.08030,1.00000,0.00000,
32.54000,1.66444,2.01960,1.03427,0.00156,1.04102,3.05393,1.00000,0.00000,
32.60000,1.63241,1.99110,1.03433,0.00153,0.99431,2.99240,1.00000,0.00000,
32.64000,1.60866,1.96964,1.03437,0.00151,0.97477,2.96606,1.00000,0.00000,
32.67000,1.56182,1.92649,1.03445,0.00147,0.95549,2.93972,1.00000,0.00000,
32.74000,1.53874,1.90479,1.03448,0.00145,0.91159,2.87836,1.00000,0.00000,
32.77000,1.50075,1.86844,1.03453,0.00142,0.89323,2.85210,1.00000,0.00000,
32.80000,1.47825,1.84652,1.03454,0.00141,0.86917,2.81714,1.00000,0.00000,
32.84000,1.43391,1.80246,1.03456,0.00137,0.85144,2.79095,1.00000,0.00000,
32.90000,1.41932,1.78770,1.03456,0.00136,0.81108,2.73001,1.00000,0.00000,
32.94000,1.39043,1.75810,1.03455,0.00133,0.79422,2.70396,1.00000,0.00000,
32.97000,1.34783,1.71348,1.03451,0.00131,0.77762,2.67796,1.00000,0.00000,
33.00000,1.34081,1.70602,1.03450,0.00131,0.75588,2.64337,1.00000,0.00000,
33.04000,1.28556,1.64614,1.03438,0.00127,0.73987,2.61750,1.00000,0.00000,
33.07000,1.27198,1.63112,1.03435,0.00127,0.70349,2.55734,1.00000,0.00000,
33.14000,1.25180,1.60856,1.03431,0.00126,0.68831,2.53166,1.00000,0.00000,
33.17000,1.19908,1.54838,1.03416,0.00126,0.67337,2.50605,1.00000,0.00000,
33.24000,1.18615,1.53336,1.03412,0.00125,0.63945,2.44655,1.00000,0.00000,
33.27000,1.16060,1.50337,1.03405,0.00123,0.62531,2.42118,1.00000,0.00000,
33.30000,1.14799,1.48842,1.03402,0.00121,0.60682,2.38746,1.00000,0.00000,
33.34000,1.11690,1.45117,1.03394,0.00117,0.59322,2.36227,1.00000,0.00000,
33.37000,1.09250,1.42150,1.03389,0.00114,0.57986,2.33716,1.00000,0.00000,
33.40000,1.07447,1.39934,1.03386,0.00111,0.56238,2.30382,1.00000,0.00000,
33.44000,1.05667,1.37723,1.03384,0.00108,0.54954,2.27891,1.00000,0.00000,
33.47000,1.03328,1.34782,1.03383,0.00104,0.53692,2.25409,1.00000,0.00000,
33.50000,1.00456,1.31113,1.03384,0.00098,0.52043,2.22114,1.00000,0.00000,
33.57000,0.98200,1.28179,1.03386,0.00095,0.49642,2.17204,1.00000,0.00000,
33.60000,0.94337,1.23048,1.03388,0.00091,0.48088,2.13952,1.00000,0.00000,
33.67000,0.92178,1.20119,1.03389,0.00089,0.45827,2.09109,1.00000,0.00000,
33.70000,0.90583,1.17924,1.03389,0.00087,0.44365,2.05904,1.00000,0.00000,
33.74000,0.89531,1.16462,1.03389,0.00086,0.43291,2.03512,1.00000,0.00000,
33.77000,0.85414,1.10624,1.03385,0.00081,0.42238,2.01132,1.00000,0.00000,
33.84000,0.84407,1.09168,1.03383,0.00080,0.39856,1.95622,1.00000,0.00000,
33.87000,0.80464,1.03358,1.03375,0.00075,0.38868,1.93279,1.00000,0.00000,
33.94000,0.77125,0.98295,1.03367,0.00071,0.36633,1.87860,1.00000,0.00000,
34.00000,0.75726,0.96131,1.03362,0.00069,0.34499,1.82506,1.00000,0.00000,
34.04000,0.74344,0.93970,1.03357,0.00067,0.33614,1.80232,1.00000,0.00000,
34.07000,0.72532,0.91095,1.03350,0.00065,0.32746,1.77971,1.00000,0.00000,
34.10000,0.69873,0.86800,1.03338,0.00062,0.31616,1.74976,1.00000,0.00000,
34.17000,0.66862,0.81823,1.03322,0.00059,0.29978,1.70527,1.00000,0.00000,
34.24000,0.65602,0.79704,1.03314,0.00058,0.28151,1.65403,1.00000,0.00000,
34.27000,0.63948,0.76891,1.03304,0.00056,0.27394,1.63230,1.00000,0.00000,
34.30000,0.63134,0.75491,1.03299,0.00055,0.26411,1.60353,1.00000,0.00000,
34.34000,0.59953,0.69932,1.03278,0.00051,0.25691,1.58211,1.00000,0.00000,
34.40000,0.58792,0.67865,1.03270,0.00050,0.24071,1.53269,1.00000,0.00000,
34.44000,0.58027,0.66492,1.03265,0.00049,0.23401,1.51174,1.00000,0.00000,
34.47000,0.55040,0.61038,1.03244,0.00046,0.22746,1.49093,1.00000,0.00000,
34.54000,0.53949,0.59006,1.03237,0.00044,0.21273,1.44294,1.00000,0.00000,
34.57000,0.52517,0.56310,1.03226,0.00043,0.20665,1.42261,1.00000,0.00000,
34.60000,0.51460,0.54295,1.03219,0.00042,0.19876,1.39573,1.00000,0.00000,
34.64000,0.51111,0.53626,1.03216,0.00041,0.19299,1.37575,1.00000,0.00000,
34.67000,0.47710,0.46971,1.03186,0.00038,0.18736,1.35591,1.00000,0.00000,
34.70000,0.47378,0.46310,1.03183,0.00038,0.17472,1.31020,1.00000,0.00000,
34.77000,0.45746,0.43017,1.03166,0.00037,0.16951,1.29086,1.00000,0.00000,
34.80000,0.45104,0.41706,1.03159,0.00036,0.16275,1.26531,1.00000,0.00000,
34.84000,0.43839,0.39094,1.03145,0.00035,0.15782,1.24633,1.00000,0.00000,
34.87000,0.41689,0.34564,1.03118,0.00034,0.15301,1.22749,1.00000,0.00000,
34.94000,0.40793,0.32640,1.03106,0.00033,0.14224,1.18414,1.00000,0.00000,
34.97000,0.39620,0.30091,1.03090,0.00032,0.13781,1.16581,1.00000,0.00000,
35.00000,0.38758,0.28192,1.03079,0.00032,0.13207,1.14162,1.00000,0.00000,
35.04000,0.36800,0.23807,1.03051,0.00030,0.12790,1.12366,1.00000,0.00000,
35.07000,0.35984,0.21947,1.03039,0.00029,0.11855,1.08235,1.00000,0.00000,
35.14000,0.35182,0.20099,1.03027,0.00028,0.11472,1.06490,1.00000,0.00000,
35.17000,0.34134,0.17653,1.03012,0.00026,0.11098,1.04762,1.00000,0.00000,
35.20000,0.33363,0.15832,1.03000,0.00025,0.10615,1.02481,1.00000,0.00000,
35.24000,0.32606,0.14021,1.02988,0.00024,0.10264,1.00789,1.00000,0.00000,
35.27000,0.31374,0.11028,1.02969,0.00023,0.09922,0.99112,1.00000,0.00000,
35.30000,0.30413,0.08654,1.02953,0.00022,0.09480,0.96901,1.00000,0.00000,
35.37000,0.29245,0.05714,1.02933,0.00021,0.08846,0.93638,1.00000,0.00000,
35.40000,0.28788,0.04546,1.02925,0.00020,0.08443,0.91497,1.00000,0.00000,
35.44000,0.27230,0.00494,1.02896,0.00019,0.08150,0.89910,1.00000,0.00000,
35.50000,0.26369,-0.01796,1.02879,0.00018,0.07498,0.86268,1.00000,0.00000,
35.54000,0.25946,-0.02935,1.02870,0.00017,0.07232,0.84733,1.00000,0.00000,
35.57000,0.24707,-0.06326,1.02845,0.00016,0.06973,0.83215,1.00000,0.00000,
35.60000,0.24504,-0.06887,1.02840,0.00016,0.06640,0.81214,1.00000,0.00000,
35.64000,0.23117,-0.10788,1.02809,0.00014,0.06398,0.79733,1.00000,0.00000,
35.70000,0.22538,-0.12444,1.02795,0.00014,0.05862,0.76337,1.00000,0.00000,
35.74000,0.21782,-0.14636,1.02777,0.00013,0.05643,0.74907,1.00000,0.00000,
35.77000,0.20862,-0.17348,1.02753,0.00012,0.05431,0.73494,1.00000,0.00000,
35.84000,0.20146,-0.19492,1.02733,0.00011,0.04961,0.70257,1.00000,0.00000,
35.87000,0.19448,-0.21612,1.02714,0.00010,0.04769,0.68896,1.00000,0.00000,
35.90000,0.18767,-0.23707,1.02694,0.00010,0.04524,0.67106,1.00000,0.00000,
35.94000,0.18433,-0.24745,1.02684,0.00009,0.04346,0.65781,1.00000,0.00000,
35.97000,0.17778,-0.26801,1.02664,0.00009,0.04174,0.64472,1.00000,0.00000,
36.00000,0.17297,-0.28325,1.02649,0.00008,0.03953,0.62751,1.00000,0.00000,
36.04000,0.16670,-0.30335,1.02629,0.00007,0.03794,0.61479,1.00000,0.00000,
36.07000,0.16362,-0.31331,1.02619,0.00007,0.03640,0.60222,1.00000,0.00000,
36.10000,0.15611,-0.33791,1.02594,0.00006,0.03442,0.58570,1.00000,0.00000,
36.14000,0.14742,-0.36695,1.02565,0.00005,0.03300,0.57349,1.00000,0.00000,
36.20000,0.14320,-0.38127,1.02551,0.00004,0.02986,0.54559,1.00000,0.00000,
36.24000,0.13772,-0.40018,1.02531,0.00003,0.02859,0.53389,1.00000,0.00000,
36.27000,0.13371,-0.41422,1.02517,0.00002,0.02736,0.52235,1.00000,0.00000,
36.30000,0.12850,-0.43274,1.02498,0.00001,0.02579,0.50719,1.00000,0.00000,
36.34000,0.12470,-0.44649,1.02483,0.00000,0.02466,0.49600,1.00000,0.00000,
36.37000,0.12098,-0.46010,1.02469,-0.00001,0.02357,0.48496,1.00000,0.00000,
36.40000,0.11496,-0.48251,1.02444,-0.00002,0.02218,0.47047,1.00000,0.00000,
36.44000,0.11262,-0.49138,1.02434,-0.00003,0.02118,0.45978,1.00000,0.00000,
36.47000,0.10805,-0.50893,1.02414,-0.00004,0.02022,0.44923,1.00000,0.00000,
36.50000,0.10581,-0.51763,1.02404,-0.00004,0.01899,0.43541,1.00000,0.00000,
36.54000,0.10145,-0.53484,1.02384,-0.00005,0.01811,0.42521,1.00000,0.00000,
36.57000,0.09932,-0.54336,1.02374,-0.00005,0.01727,0.41517,1.00000,0.00000,
36.60000,0.09112,-0.57683,1.02332,-0.00007,0.01619,0.40200,1.00000,0.00000,
36.67000,0.08722,-0.59319,1.02312,-0.00008,0.01467,0.38273,1.00000,0.00000,
36.70000,0.08531,-0.60128,1.02302,-0.00008,0.01372,0.37020,1.00000,0.00000,
36.74000,0.08159,-0.61727,1.02281,-0.00009,0.01305,0.36098,1.00000,0.00000,
36.77000,0.07799,-0.63303,1.02261,-0.00010,0.01240,0.35190,1.00000,0.00000,
36.80000,0.07623,-0.64083,1.02251,-0.00011,0.01157,0.34001,1.00000,0.00000,
36.84000,0.07029,-0.66768,1.02215,-0.00012,0.01099,0.33126,1.00000,0.00000,
36.90000,0.06785,-0.67899,1.02200,-0.00013,0.00971,0.31139,1.00000,0.00000,
36.94000,0.06468,-0.69386,1.02179,-0.00014,0.00920,0.30310,1.00000,0.00000,
36.97000,0.06314,-0.70121,1.02169,-0.00014,0.00871,0.29496,1.00000,0.00000,
37.00000,0.05939,-0.71932,1.02143,-0.00015,0.00809,0.28431,1.00000,0.00000,
37.04000,0.05720,-0.73001,1.02127,-0.00015,0.00765,0.27648,1.00000,0.00000,
37.07000,0.05507,-0.74055,1.02112,-0.00016,0.00723,0.26879,1.00000,0.00000,
37.10000,0.05231,-0.75437,1.02092,-0.00016,0.00670,0.25875,1.00000,0.00000,
37.14000,0.05029,-0.76458,1.02076,-0.00017,0.00632,0.25137,1.00000,0.00000,
37.17000,0.04832,-0.77464,1.02061,-0.00018,0.00596,0.24412,1.00000,0.00000,
37.20000,0.04389,-0.79757,1.02026,-0.00019,0.00551,0.23467,1.00000,0.00000,
37.27000,0.04147,-0.81033,1.02006,-0.00020,0.00488,0.22093,1.00000,0.00000,
37.30000,0.03857,-0.82596,1.01981,-0.00021,0.00450,0.21205,1.00000,0.00000,
37.37000,0.03581,-0.84122,1.01955,-0.00022,0.00397,0.19916,1.00000,0.00000,
37.40000,0.03422,-0.85021,1.01940,-0.00022,0.00364,0.19085,1.00000,0.00000,
37.44000,0.03318,-0.85613,1.01930,-0.00022,0.00342,0.18477,1.00000,0.00000,
37.47000,0.03020,-0.87354,1.01899,-0.00022,0.00320,0.17880,1.00000,0.00000,
37.50000,0.02972,-0.87640,1.01894,-0.00022,0.00293,0.17104,1.00000,0.00000,
37.54000,0.02786,-0.88768,1.01874,-0.00022,0.00274,0.16537,1.00000,0.00000,
37.57000,0.02607,-0.89874,1.01853,-0.00022,0.00255,0.15981,1.00000,0.00000,
37.60000,0.02477,-0.90690,1.01837,-0.00022,0.00233,0.15259,1.00000,0.00000,
37.64000,0.02393,-0.91228,1.01827,-0.00022,0.00217,0.14731,1.00000,0.00000,
37.67000,0.02190,-0.92548,1.01801,-0.00022,0.00202,0.14215,1.00000,0.00000,
37.70000,0.02074,-0.93323,1.01785,-0.00022,0.00183,0.13544,1.00000,0.00000,
37.74000,0.01999,-0.93834,1.01775,-0.00022,0.00170,0.13055,1.00000,0.00000,
37.77000,0.01817,-0.95087,1.01748,-0.00022,0.00158,0.12577,1.00000,0.00000,
37.80000,0.01747,-0.95578,1.01738,-0.00022,0.00143,0.11958,1.00000,0.00000,
37.84000,0.01612,-0.96546,1.01716,-0.00022,0.00132,0.11506,1.00000,0.00000,
37.87000,0.01420,-0.97959,1.01684,-0.00021,0.00122,0.11066,1.00000,0.00000,
37.94000,0.01299,-0.98875,1.01663,-0.00021,0.00102,0.10080,1.00000,0.00000,
37.97000,0.01212,-0.99549,1.01646,-0.00021,0.00094,0.09675,1.00000,0.00000,
38.00000,0.01101,-1.00429,1.01625,-0.00021,0.00084,0.09152,1.00000,0.00000,
38.04000,0.01021,-1.01076,1.01608,-0.00021,0.00077,0.08772,1.00000,0.00000,
38.07000,0.00919,-1.01922,1.01586,-0.00020,0.00071,0.08402,1.00000,0.00000,
38.10000,0.00846,-1.02543,1.01570,-0.00020,0.00063,0.07925,1.00000,0.00000,
38.14000,0.00776,-1.03152,1.01554,-0.00020,0.00057,0.07578,1.00000,0.00000,
38.17000,0.00687,-1.03948,1.01532,-0.00019,0.00052,0.07242,1.00000,0.00000,
38.20000,0.00644,-1.04339,1.01521,-0.00019,0.00046,0.06808,1.00000,0.00000,
38.24000,0.00502,-1.05667,1.01483,-0.00018,0.00042,0.06494,1.00000,0.00000,
38.30000,0.00373,-1.06938,1.01445,-0.00017,0.00034,0.05798,1.00000,0.00000,
38.37000,0.00256,-1.08150,1.01407,-0.00017,0.00027,0.05242,1.00000,0.00000,
38.40000,0.00210,-1.08652,1.01391,-0.00016,0.00022,0.04637,1.00000,0.00000,
38.44000,0.00152,-1.09305,1.01370,-0.00016,0.00019,0.04393,1.00000,0.00000,
38.50000,0.00124,-1.09624,1.01359,-0.00016,0.00017,0.04080,1.00000,0.00000,
38.54000,0.00085,-1.10095,1.01343,-0.00015,0.00015,0.03855,1.00000,0.00000,
38.57000,0.00023,-1.10859,1.01317,-0.00015,0.00013,0.03638,1.00000,0.00000,
38.60000,-0.00012,-1.11303,1.01301,-0.00015,0.00011,0.03362,1.00000,0.00000,
38.64000,-0.00044,-1.11738,1.01285,-0.00015,0.00010,0.03164,1.00000,0.00000,
38.67000,-0.00084,-1.12302,1.01265,-0.00014,0.00009,0.02973,1.00000,0.00000,
38.70000,-0.00112,-1.12714,1.01249,-0.00014,0.00007,0.02731,1.00000,0.00000,
38.74000,-0.00170,-1.13637,1.01213,-0.00014,0.00007,0.02559,1.00000,0.00000,
38.80000,-0.00185,-1.13891,1.01203,-0.00013,0.00005,0.02183,1.00000,0.00000,
38.84000,-0.00212,-1.14388,1.01183,-0.00013,0.00004,0.02034,1.00000,0.00000,
38.87000,-0.00242,-1.14985,1.01158,-0.00013,0.00004,0.01892,1.00000,0.00000,
38.90000,-0.00247,-1.15102,1.01153,-0.00013,0.00003,0.01712,1.00000,0.00000,
38.94000,-0.00281,-1.15890,1.01119,-0.00012,0.00003,0.01585,1.00000,0.00000,
38.97000,-0.00297,-1.16319,1.01099,-0.00012,0.00002,0.01313,1.00000,0.00000,
39.04000,-0.00304,-1.16528,1.01089,-0.00011,0.00001,0.01207,1.00000,0.00000,
39.07000,-0.00316,-1.16935,1.01070,-0.00011,0.00001,0.01106,1.00000,0.00000,
39.10000,-0.00326,-1.17327,1.01051,-0.00011,0.00001,0.00981,1.00000,0.00000,
39.14000,-0.00330,-1.17517,1.01042,-0.00011,0.00001,0.00893,1.00000,0.00000,
39.17000,-0.00337,-1.17888,1.01023,-0.00011,0.00001,0.00811,1.00000,0.00000,
39.20000,-0.00339,-1.18069,1.01014,-0.00010,0.00001,0.00709,1.00000,0.00000,
39.24000,-0.00344,-1.18758,1.00978,-0.00010,0.00000,0.00638,1.00000,0.00000,
39.30000,-0.00343,-1.19085,1.00960,-0.00010,0.00000,0.00492,1.00000,0.00000,
39.34000,-0.00342,-1.19321,1.00946,-0.00010,0.00000,0.00436,1.00000,0.00000,
39.37000,-0.00338,-1.19627,1.00929,-0.00009,0.00000,0.00385,1.00000,0.00000,
39.40000,-0.00329,-1.20065,1.00903,-0.00009,0.00000,0.00324,1.00000,0.00000,
39.47000,-0.00320,-1.20344,1.00886,-0.00009,0.00000,0.00244,1.00000,0.00000,
39.50000,-0.00313,-1.20546,1.00874,-0.00008,0.00000,0.00199,1.00000,0.00000,
39.54000,-0.00305,-1.20743,1.00861,-0.00008,0.00000,0.00169,1.00000,0.00000,
39.57000,-0.00294,-1.20996,1.00845,-0.00008,0.00000,0.00142,1.00000,0.00000,
39.60000,-0.00284,-1.21180,1.00833,-0.00008,0.00000,0.00111,1.00000,0.00000,
39.64000,-0.00262,-1.21532,1.00809,-0.00007,0.00000,0.00091,1.00000,0.00000,
39.70000,-0.00250,-1.21700,1.00797,-0.00007,0.00000,0.00053,1.00000,0.00000,
39.74000,-0.00220,-1.22074,1.00771,-0.00007,0.00000,0.00041,1.00000,0.00000,
39.80000,-0.00187,-1.22423,1.00746,-0.00007,0.00000,0.00020,1.00000,0.00000,
39.84000,-0.00166,-1.22613,1.00731,-0.00007,0.00000,0.00009,1.00000,0.00000,
39.90000,-0.00156,-1.22705,1.00725,-0.00006,0.00000,0.00005,1.00000,0.00000,
39.94000,-0.00111,-1.23059,1.00697,-0.00006,0.00000,0.00003,1.00000,0.00000,
40.00000,-0.00099,-1.23144,1.00691,-0.00006,0.00000,0.00000,1.00000,0.00000,
40.04000,-0.00087,-1.23227,1.00684,-0.00006,0.00000,0.00000,1.00000,0.00000,
40.07000,-0.00044,-1.23509,1.00662,-0.00006,0.00000,-0.00000,1.00000,0.00000,
40.10000,-0.00032,-1.23587,1.00656,-0.00006,0.00000,-0.00000,1.00000,0.00000,
40.14000,-0.00019,-1.23664,1.00650,-0.00006,0.00000,-0.00000,1.00000,0.00000,
40.17000,0.00034,-1.23963,1.00626,-0.00006,0.00000,-0.00000,1.00000,0.00000,
40.20000,0.00055,-1.24072,1.00618,-0.00006,0.00000,-0.00000,1.00000,0.00000,
40.27000,0.00076,-1.24179,1.00609,-0.00006,0.00000,-0.00000,1.00000,0.00000,
40.30000,0.00104,-1.24318,1.00598,-0.00006,0.00000,-0.00000,1.00000,0.00000,
40.34000,0.00125,-1.24421,1.00590,-0.00006,0.00000,-0.00000,1.00000,0.00000,
